fin_year,month,state_code,State,district_code,District,Approved_Labour_Budget,Average_Wage_rate_per_day_per_person,Average_days_of_employment_provided_per_Household,Differently_abled_persons_worked,Material_and_skilled_Wages,Number_of_Completed_Works,Number_of_GPs_with_NIL_exp,Number_of_Ongoing_Works,Persondays_of_Central_Liability_so_far,SC_persondays,SC_workers_against_active_workers,ST_persondays,ST_workers_against_active_workers,Total_Adm_Expenditure,Total_Exp,Total_Households_Worked,Total_Individuals_Worked,Total_No_of_Active_Job_Cards,Total_No_of_Active_Workers,Total_No_of_HHs_completed_100_Days_of_Wage_Employment,Total_No_of_JobCards_issued,Total_No_of_Workers,Total_No_of_Works_Takenup,Wages,Women_Persondays,percent_of_Category_B_Works,percent_of_Expenditure_on_Agriculture_Allied_Works,percent_of_NRM_Expenditure,percentage_payments_gererated_within_15_days,Remarks
2023-2024,Oct,15,KARNATAKA,1506,BIDAR,3718182,301.960116792508,36,403,6968.40383006499,13576,0,45946,3716848,895723,81046,698109,53252,614.25713,18806.059521865,101372,163015,155366,304518,235,243758,458226,59522,11223.3985618,1979598,60,29.8,29.82,100.2,
2023-2024,Oct,15,KARNATAKA,1512,DAVANAGERE,2445015,303.85485034627,38,291,2526.295004407,6227,0,27914,2443875,551580,66677,364992,44551,387.67186,10339.7995883069,63426,113111,123456,288761,434,235323,516597,34141,7425.8327238999,1247991,80,33.86,28.87,99.95,
2023-2024,Oct,15,KARNATAKA,1518,KODAGU,349294,299.625643602762,34,115,476.646421071,2942,1,6524,348033,31289,8273,16817,4176,107.35527,1626.797807271,10106,16857,32080,76156,24,87030,189900,9466,1042.7961162,180754,79,31.5,17.27,100.31,
2023-2024,Oct,15,KARNATAKA,1520,KOPPAL,7829222,286.004306228195,43,3611,5507.12549032017,9361,0,51201,7828691,1286717,96084,1144214,79242,452.33867,28349.8575416193,180952,384696,221911,566761,2318,320915,843308,60562,22390.3933812991,4083854,69,18.65,68.46,99.68,
2023-2024,Oct,15,KARNATAKA,1530,Yadgir,3492803,295.59692909823,34,521,3169.332551675,13727,0,43909,3491831,711279,66264,432798,36140,219.17378,13710.251536975,101398,161100,156205,306325,356,267551,530503,57636,10321.7452053,1810812,81,40.05,43.7,99.91,
2023-2024,Aug,15,KARNATAKA,1515,KALABURAGI,3990829,285.179051140257,26,699,108.266962,4807,0,43163,3988482,989106,142863,95075,10808,326.99324,11809.5753245,151366,262305,250441,544695,151,414723,874447,47970,11374.3151225,2190409,64,22.58,48.23,99.85,
2023-2024,Aug,15,KARNATAKA,1528,CHIKKABALLAPURA,1612487,287.529372435411,30,2397,1816.211104183,6958,0,39069,1612344,324180,83402,201323,50484,221.22732,6673.401008883,52797,90199,142457,355927,225,221077,534536,46027,4635.9625847,836032,80,44.69,20.95,99.5,
2023-2024,March,15,KARNATAKA,1505,BALLARI,6380000,273.707271900876,55,2248,5010.10940555699,27699,0,12229,5444212,1084122,69228,1656309,96173,441.16654,20352.4800872571,98933,217010,113760,327939,2337,168506,475691,39928,14901.2041417001,2909383,59,35.54,47.55,99.85,
2023-2024,March,15,KARNATAKA,1507,VIJAYPURA,4400000,313.317032851778,44,1687,6236.33729955,32212,1,33873,4389747,798097,70906,77513,6100,783.06399,20773.2263396499,99388,158813,161567,344998,1243,345208,763862,66085,13753.8250500999,2261308,75,49.69,26.43,100.03,
2023-2024,March,15,KARNATAKA,1513,DHARWAR,2350000,311.464246733838,43,227,4186.82214317799,15693,0,37334,2340514,200535,20512,142533,15707,410.31131,11886.997752978,53537,97314,87800,229986,448,169185,403489,53027,7289.86429980001,1069978,76,34.63,27.86,101.92,
2023-2024,March,15,KARNATAKA,1519,KOLAR,4200000,310.970886415533,51,426,9198.85677035501,40945,0,32033,4143181,1010902,94514,280579,23485,859.36881,22942.312261855,81230,133362,138568,346117,1049,238496,576871,72978,12884.0866815,2187405,73,36.95,25.4,100.15,
2023-2024,May,15,KARNATAKA,1509,CHIKKAMAGALURU,314787,236.092050529406,19,57,1486.067898098,4407,0,30493,314787,40886,46279,9840,9096,84.83651,2314.091491198,16268,28165,97190,236965,3,174292,395601,34900,743.1870831,160161,69,24.54,13.2,100.6,
2023-2024,May,15,KARNATAKA,1512,DAVANAGERE,865014,269.977527853655,23,162,34.9334422,981,0,27955,864698,191850,66280,131928,44209,112.90404,2482.327766,36541,63119,122492,286958,23,233041,512906,28936,2334.4902838,434761,81,28.16,30.2,100.01,
2023-2024,May,15,KARNATAKA,1517,HAVERI,735349,230.702775896389,21,195,43.070663,1920,1,48281,734977,96353,56386,103518,44555,47.59301,1786.2760142,34697,63678,156965,381507,15,266153,612427,50201,1695.6123412,349288,74,17.66,15.98,99.94,
2023-2024,May,15,KARNATAKA,1519,KOLAR,563635,254.707208546923,19,167,1697.918603239,2175,0,58156,563384,133228,94108,37984,23413,212.18077,3345.079033039,29219,44061,137561,344346,11,235656,576547,60331,1434.9796598,292148,73,38.55,23.88,100.1,
2023-2024,May,15,KARNATAKA,1521,MANDYA,390275,258.178898702683,15,142,2674.192930421,6860,0,36096,390267,42319,43935,2348,2761,0.0,3681.779973021,24804,36717,154199,376281,4,342616,750988,42956,1007.5870426,219234,75,25.04,14.51,100.05,
2023-2024,May,15,KARNATAKA,1523,RAICHUR,3755895,180.660695762262,23,636,7388.31762677634,10515,0,51380,3755895,670594,122442,887114,150970,60.2382,14233.9818658764,161566,316465,275750,643388,7,356128,828773,61895,6785.42603910001,1965084,68,15.36,43.63,99.87,
2023-2024,May,15,KARNATAKA,1525,TUMAKURU,462409,251.36991383729,18,98,3502.420108697,20236,0,72974,462381,60357,84886,31762,43019,221.79349,4886.500319997,25591,42843,223301,530772,5,387202,929926,93210,1162.2867213,238251,82,25.36,14.23,99.86,
2023-2024,Feb,15,KARNATAKA,1502,BENGALURU,84206,294.593449505939,42,8,88.009697275,1455,0,2535,84099,13276,3509,1138,359,31.55849,367.318332375,1976,3479,7151,16349,39,62330,139818,3990,247.7501451,43916,88,47.9,11.46,99.87,
2023-2024,Feb,15,KARNATAKA,1504,BELAGAVI,12151701,298.800827473463,44,3051,20223.3512483749,53102,0,90008,12143048,1313680,107629,1274132,84037,1171.46296,57678.3421128747,271723,411810,426597,928870,4004,817193,1670013,143110,36283.5279044998,7019181,65,27.29,29.58,101.99,
2023-2024,Feb,15,KARNATAKA,1513,DHARWAR,2256047,306.007956688102,42,222,3270.32139671199,14572,0,37818,2247327,191823,20512,136830,15707,378.6649,10525.985729512,52715,95681,87797,229981,381,169128,403739,52390,6876.99943280001,1024865,76,34.27,27.93,101.89,
2023-2024,Feb,15,KARNATAKA,1517,HAVERI,4502310,302.280815729745,44,552,7874.591739536,19076,0,42981,4488337,591904,56685,554096,44752,532.21066,21974.184095836,100184,192747,158350,384173,1177,270693,616725,62057,13567.3816963,2109630,72,30.83,22.81,100.48,
2023-2024,Feb,15,KARNATAKA,1519,KOLAR,3938570,304.232988433321,49,417,7987.59264108801,38269,0,34254,3929564,952203,94503,264158,23485,741.87972,20684.502350688,79008,129385,138560,346096,959,238422,576726,72523,11955.0299896,2070306,73,37.88,25.3,100.12,
2023-2024,Feb,15,KARNATAKA,1523,RAICHUR,11663415,263.839417330067,49,1027,14853.8416636787,35027,0,42413,11662263,2111742,123383,2672046,152045,621.20469,46244.6931003787,234039,468898,278666,648447,3684,363907,822993,77440,30769.6467467,6052307,67,23.93,48.59,99.97,
2023-2024,June,15,KARNATAKA,1503,BENGALURU RURAL,496334,280.462786692026,27,300,419.86758426,3281,0,18701,496334,68766,27929,27955,8721,29.46065,1841.36040196,17856,29054,62702,146312,14,116699,258516,21982,1392.0321677,250930,72,40.43,15.17,100.01,
2023-2024,June,15,KARNATAKA,1508,CHAMARAJA NAGARA,795621,300.130512339836,20,316,24.31,2343,0,32853,795351,232085,88727,72388,33671,0.0,2411.40103120001,38301,59923,130667,305811,21,219755,507461,35196,2387.09103120001,452727,76,22.69,34.06,100.19,
2023-2024,June,15,KARNATAKA,1514,GADAG,2738662,292.329785441146,32,1017,49.48751,1523,0,24626,2736685,409706,56941,250425,25950,9.9965,8059.62939870003,85431,181019,122616,311590,219,163032,398476,26149,8000.14538870003,1312827,71,14.05,69.08,99.9,
2023-2024,June,15,KARNATAKA,1516,HASSAN,1307953,277.739740302239,25,284,2061.324494291,18354,2,56394,1307905,188339,72301,22122,7146,209.18939,5903.085834691,51890,90698,169193,416205,74,276114,643610,74748,3632.5719504,679082,83,38.1,21.86,99.98,
2023-2024,June,15,KARNATAKA,1521,MANDYA,738778,263.28864909241,19,224,2676.311840421,9282,0,35318,738770,83603,43977,4305,2761,84.77372,4706.183113321,37329,55952,154470,376734,13,343302,751078,44600,1945.0975529,423265,74,28.87,16.53,100.01,
2023-2024,June,15,KARNATAKA,1524,SHIVAMOGGA,1097491,264.902088900957,19,333,1120.751775591,8150,0,27671,1097491,250158,89137,68761,20031,63.34099,4091.369350091,55478,94746,159415,403203,36,245137,564020,35821,2907.2765845,602277,80,30.29,42.11,100.08,
2023-2024,June,15,KARNATAKA,1531,VIJAYANAGARA,4486037,258.816583725793,42,1024,3888.085989416,7531,0,35147,5072570,1123466,113637,1133340,92375,110.97996,17127.7183305155,117997,230201,172763,456405,931,243111,643767,42678,13128.6523810995,2615816,63,8.36,64.78,100.04,
2023-2024,July,15,KARNATAKA,1514,GADAG,2976950,303.701498076038,33,1054,76.02176,1881,0,24956,2974849,450344,56985,267291,25953,81.26374,9191.94647850004,88096,186870,122692,311730,276,163289,397845,26837,9034.66097850004,1433840,71,15.07,66.91,99.86,
2023-2024,July,15,KARNATAKA,1523,RAICHUR,8256409,250.703562031634,38,917,7481.62805677634,13060,0,53148,8256409,1456764,122969,1914466,151567,240.76213,28421.5016456767,213044,427067,277346,646188,1279,359458,827265,66208,20699.1114589004,4295115,68,19.23,51.64,99.81,
2023-2024,July,15,KARNATAKA,1525,TUMAKURU,1511481,278.411710380796,25,293,3665.751298697,27443,0,76297,1510915,194142,85087,104803,43119,421.32715,8293.642742597,58137,100149,224212,532479,51,388755,892045,103740,4206.5642939,766388,83,26.83,21.19,99.8,
2023-2024,July,15,KARNATAKA,1528,CHIKKABALLAPURA,1222087,284.24036878793,26,2169,1816.211104183,5542,0,38827,1221976,245395,83374,154972,50464,221.22732,5510.787513083,46241,78006,142368,355782,106,220812,536754,44369,3473.3490889,632660,80,44.83,19.57,99.53,
2023-2024,Sep,15,KARNATAKA,1513,DHARWAR,1506758,304.597390280602,34,178,2720.758543131,5625,0,41670,1505978,129765,20498,91202,15693,223.0563,7530.984529331,43659,77971,87561,229580,152,168285,403091,47295,4587.16968620001,677303,77,32.87,28.53,100.51,
2023-2024,Sep,15,KARNATAKA,1514,GADAG,3263890,302.931284154976,35,1084,2913.912213844,3571,0,24720,3261421,498503,56996,288888,25961,228.21585,13021.992580844,90706,192558,122742,311824,375,163563,394155,28291,9879.86451700005,1577083,70,16.8,64.33,99.85,
2023-2024,Sep,15,KARNATAKA,1515,KALABURAGI,4197435,287.263936154818,27,705,5228.407406841,8397,0,41141,4194929,1035168,142944,98881,10838,499.76826,17778.693831141,153923,267005,250655,545099,180,415427,872107,49538,12050.5181643,2297475,64,24.25,46.98,99.84,
2023-2024,Sep,15,KARNATAKA,1521,MANDYA,1758175,299.974272355913,30,349,4995.98722340599,15009,0,34636,1757913,202831,44091,10727,2766,278.96696,10548.240913806,57787,90350,155231,378030,110,345226,752729,49645,5273.2867304,1033035,73,33.43,19.38,99.95,
2023-2024,Sep,15,KARNATAKA,1526,UDUPI,516726,308.63065152518,34,50,1489.65435537699,5352,0,17331,516726,25060,6656,26439,6929,126.81032,3211.239495777,15178,25943,47961,114144,116,120957,245956,22683,1594.7748204,323056,90,58.65,8.74,99.95,
2023-2024,Sep,15,KARNATAKA,1530,Yadgir,2956661,289.200690290108,31,477,45.18407,12139,0,42828,2956047,603051,66067,370229,36016,217.46353,8811.55592930002,94736,149353,155721,305430,246,266458,529170,54967,8548.90832930002,1539322,81,38.61,43.64,99.97,
2023-2024,Jan,15,KARNATAKA,1504,BELAGAVI,11561438,298.208088263926,43,3021,20106.8654246749,50398,0,90932,11555298,1252277,107591,1234667,84032,1171.46296,55737.1616436746,267481,404796,426416,928616,3583,816452,1669339,141330,34458.8332589997,6657373,66,26.74,30.16,101.61,
2023-2024,Jan,15,KARNATAKA,1507,VIJAYPURA,3866166,305.81978823402,40,1634,4767.617125515,27105,1,36211,3863274,701767,70847,67099,6086,720.64271,17302.916201215,94261,150020,161332,344589,949,343754,761469,63316,11814.6563657,1996044,75,48.86,27.49,100.04,
2023-2024,Jan,15,KARNATAKA,1516,HASSAN,3777055,307.486821057884,40,524,6975.70210838699,57524,2,33584,3775517,540483,72553,62021,7162,692.83794,19277.757250187,92491,171131,170008,417817,925,278768,644970,91108,11609.2172018,1946726,83,45.13,21.75,100.0,
2023-2024,Jan,15,KARNATAKA,1522,MYSURU,2205361,306.271997350815,36,195,4803.171065762,26801,0,46539,2194637,369039,80015,221949,46912,435.69226,11960.421900262,59851,108620,158844,404749,561,343565,841300,73340,6721.5585745,1095732,81,36.36,14.07,100.35,
2023-2024,Jan,15,KARNATAKA,1524,SHIVAMOGGA,2420801,298.617509938054,28,536,3327.062183254,19060,0,23749,2420494,534323,89332,140747,20059,474.82745,11029.908544254,85200,151057,160143,404460,263,246726,565662,42809,7228.018911,1300985,81,39.11,30.34,100.13,
2023-2024,Jan,15,KARNATAKA,1526,UDUPI,693008,309.255283928132,38,59,1762.968238308,7277,0,16642,692869,33926,6677,35717,6939,181.84314,4087.545371508,17931,30781,48253,114651,208,121961,247726,23919,2142.73399320001,437697,90,56.49,9.04,99.92,
2023-2024,April,15,KARNATAKA,1502,BENGALURU,3531,233.054262248655,13,2,58.949300176,71,23,3037,3531,411,3402,38,350,0.0,67.178446176,256,394,6828,15748,0,61282,138334,3108,8.229146,1865,87,32.73,25.82,99.2,
2023-2024,April,15,KARNATAKA,1505,BALLARI,1335505,141.925523787339,17,1417,1358.800586835,1335,0,29495,1184832,236460,68942,386533,95698,34.25434,3074.633948835,66805,133949,112851,326170,1,165053,474147,30830,1681.579022,637151,60,28.12,51.49,99.88,
2023-2024,April,15,KARNATAKA,1506,BIDAR,272130,217.67760618087,11,88,5271.717589067,2708,0,38316,272130,73503,80092,52794,52496,259.74448,6123.828138767,23709,34470,151147,297875,0,234486,473150,41024,592.3660697,150084,60,28.02,16.81,99.83,
2023-2024,April,15,KARNATAKA,1507,VIJAYPURA,439388,217.758701958667,13,490,333.938953464,2125,1,37299,439023,76085,69893,8166,5887,187.07709,1477.026829564,32709,47957,157861,338619,0,333824,748855,39424,956.0107861,233839,73,40.82,32.0,99.97,
2023-2024,April,15,KARNATAKA,1512,DAVANAGERE,470085,230.330021579564,18,101,19.3835472,473,0,27973,469889,96335,66167,70658,44144,112.90404,1214.5830223,25424,43197,122253,286533,4,232665,512764,28446,1082.2954351,232320,81,33.18,20.65,99.97,
2023-2024,April,15,KARNATAKA,1517,HAVERI,324271,204.650380231891,16,112,37.120663,786,4,43876,324118,44331,56323,40984,44518,0.0,700.4293824,19863,35878,156705,381042,1,265609,612582,44662,663.3087194,153257,74,16.65,11.53,99.96,
2023-2024,April,15,KARNATAKA,1518,KODAGU,31781,200.487614190827,16,21,0.0,39,2,6696,31767,3114,8222,1541,4130,0.0,63.6889004,1971,3121,31669,75375,0,86354,189040,6735,63.6889004,16394,76,26.24,10.15,100.03,
2023-2024,April,15,KARNATAKA,1527,UTTARA KANNADA,233731,211.36086321455,15,44,546.259952909001,1455,0,32093,233731,15428,15727,9136,8604,0.0,1040.275812109,15221,23988,91805,229410,0,200348,450426,33548,494.0158592,124656,80,21.78,18.87,99.85,
2023-2024,April,15,KARNATAKA,1530,Yadgir,275103,231.551581696638,11,128,23.49127,6793,2,32828,275097,55332,64631,31883,35131,0.0,660.4827247,23625,34077,152038,298681,0,260499,524660,39621,636.9914547,144399,78,39.32,27.8,99.95,
2023-2024,Dec,15,KARNATAKA,1507,VIJAYPURA,3604042,305.284588966034,39,1612,2998.089980907,25377,1,36553,3601661,654072,70790,62355,6068,720.64271,14714.048670707,92037,146205,161101,344178,830,342661,759708,61930,10995.3159798,1864670,75,49.1,27.62,100.03,
2023-2024,Dec,15,KARNATAKA,1509,CHIKKAMAGALURU,2578430,303.902612302066,44,205,3769.860039531,18570,0,30141,2578136,397694,46577,79201,9168,543.49508,12148.377772231,57446,108044,98191,239004,626,176463,395875,48711,7835.02265269999,1332024,74,41.33,14.92,100.11,
2023-2024,Dec,15,KARNATAKA,1512,DAVANAGERE,2818067,308.485115096426,41,323,2873.065554883,9450,0,25877,2816725,629906,66779,428262,44646,564.75258,12126.9954930828,67770,121560,123689,289186,692,235972,517724,35327,8689.17735819981,1443648,81,34.55,27.94,99.94,
2023-2024,Dec,15,KARNATAKA,1517,HAVERI,4028259,301.341602052857,42,528,5556.11956720201,13426,0,47168,4018594,538822,56662,503560,44740,480.66595,18146.481056802,94788,182276,158251,383985,990,270120,615928,60594,12109.6955396,1883406,73,29.55,23.07,100.21,
2023-2024,Dec,15,KARNATAKA,1521,MANDYA,2432292,304.094908133752,35,403,5223.40121290599,19566,0,33351,2431633,272856,44143,14114,2777,566.36917,13184.242520406,68053,108688,155515,378538,357,346158,752001,52917,7394.4721375,1428995,74,33.12,19.35,100.1,
2023-2024,Dec,15,KARNATAKA,1527,UTTARA KANNADA,1447442,303.807509682885,33,134,1908.163600227,15363,0,25739,1447141,84693,15757,53152,8628,311.25713,6615.943763927,43523,74203,92615,230919,178,202445,447691,41102,4396.52303370001,762114,81,32.16,28.11,100.04,
2023-2024,Dec,15,KARNATAKA,1528,CHIKKABALLAPURA,2817860,305.488496209074,40,2936,3610.045363105,15565,0,35330,2816462,571688,83503,357400,50515,574.01679,12788.029563205,69695,122703,142643,356275,882,221923,535502,50895,8603.96741010001,1466825,80,44.8,21.56,99.61,
2023-2024,Dec,15,KARNATAKA,1529,RAMANAGARA,3280629,300.507396485403,42,310,8270.59596764096,75060,1,52925,3280262,457493,53820,48993,5514,499.69901,18627.724911741,76690,128376,148514,329937,650,200196,430840,127985,9857.42993410001,1718243,90,31.44,19.92,100.79,
2023-2024,Nov,15,KARNATAKA,1501,BAGALKOTE,4502655,295.993760389595,42,2399,6581.54430830601,13873,0,22658,4502217,749586,60289,348477,26146,469.67549,20377.5011975056,105150,185112,157304,342228,1400,270338,550729,36531,13326.2813991996,2403264,61,30.58,36.37,99.67,
2023-2024,Nov,15,KARNATAKA,1504,BELAGAVI,10173036,298.263270775461,39,2927,15309.6278545,47033,0,91592,10171915,1094550,107470,1102022,83975,894.85203,46543.5662639997,256246,386693,425565,927469,2448,814077,1666782,138625,30339.0863794997,5820507,66,26.6,31.28,100.53,
2023-2024,Nov,15,KARNATAKA,1512,DAVANAGERE,2639821,305.762707513441,40,311,2553.372514607,6778,0,27927,2638576,593443,66740,397677,44595,450.4272,11071.5811320068,65757,117628,123579,288993,532,235665,517218,34705,8067.78141739985,1349148,80,34.49,28.05,99.93,
2023-2024,Nov,15,KARNATAKA,1515,KALABURAGI,4757591,286.866292607525,29,730,6094.18736649701,14910,0,39751,4753767,1161369,143176,111026,10854,621.54792,20352.690438597,160991,279525,251079,545937,291,417131,874055,54661,13636.9551521,2589238,62,26.56,45.01,99.84,
2023-2024,Nov,15,KARNATAKA,1521,MANDYA,2222658,304.137438954697,34,388,5215.37549450599,18866,0,33150,2222284,250561,44129,12868,2775,438.34979,12412.522928406,65180,103443,155452,378430,198,345914,751635,52016,6758.7976439,1309631,73,34.38,19.87,100.1,
2023-2024,Nov,15,KARNATAKA,1527,UTTARA KANNADA,1320242,304.346195502962,31,126,1907.818990227,14345,0,25762,1319980,77525,15753,48478,8626,241.9919,6167.119801627,41439,70451,92521,230736,147,202127,447173,40107,4017.3089114,692120,81,31.65,28.54,99.99,
2023-2024,Nov,15,KARNATAKA,1528,CHIKKABALLAPURA,2605797,301.550707848796,38,2865,3607.111163105,14872,0,35240,2605062,528061,83494,331449,50514,460.23654,11922.930604005,67306,118033,142623,356239,724,221768,535223,50112,7855.58290090001,1354966,80,45.22,21.66,99.54,
2023-2024,Nov,15,KARNATAKA,1530,Yadgir,3881424,300.935281274994,36,536,3169.332551675,18583,0,40726,3879673,789398,66352,477261,36159,219.17378,15063.811186775,104860,167491,156394,306668,443,268174,531531,59309,11675.3048551,2007840,81,40.39,44.06,99.89,
2023-2024,May,15,KARNATAKA,1504,BELAGAVI,3778581,242.66440086562,22,1912,5167.02072439199,6450,0,117138,3778568,375779,106302,367730,82862,117.28812,14453.548242892,167823,240772,418313,916917,91,799190,1655912,123588,9169.23939850003,2199884,67,31.59,29.4,99.95,
2023-2024,May,15,KARNATAKA,1513,DHARWAR,475705,268.751420649352,20,107,18.96184,1298,0,40141,475705,41682,20435,29808,15649,87.09384,1384.5196256,23545,40022,87030,228729,15,166895,405583,41439,1278.4639456,216172,75,24.25,22.79,100.98,
2023-2024,May,15,KARNATAKA,1526,UDUPI,255677,263.46117073495,26,36,701.931726414,2836,0,17039,255677,13254,6628,10755,6874,26.10823,1401.649573914,9638,15951,47506,113290,39,119770,244136,19875,673.609617499999,163543,89,59.46,8.56,100.0,
2023-2024,May,15,KARNATAKA,1527,UTTARA KANNADA,475914,257.420687414113,21,72,549.831912909001,2618,0,31954,475914,28906,15734,17274,8610,29.09482,1804.027823209,22462,36448,91910,229608,4,200556,447374,34572,1225.1010903,255484,80,23.78,25.6,99.84,
2023-2024,May,15,KARNATAKA,1530,Yadgir,568074,216.989607265275,13,196,25.97407,8411,0,32556,568017,114100,64780,68144,35271,0.0,1258.5119275,41598,61250,152556,299570,1,261255,525151,40967,1232.5378575,301176,78,40.99,26.99,99.95,
2023-2024,April,15,KARNATAKA,1501,BAGALKOTE,787513,190.855884029851,15,1075,646.6684433,986,1,28206,787513,126135,59620,57978,25844,8.9525,2158.6358413,51948,84901,154495,337569,2,263726,571621,29192,1503.014898,420201,57,35.29,22.91,99.75,
2023-2024,April,15,KARNATAKA,1508,CHAMARAJA NAGARA,255190,217.876974312343,12,179,7.48,589,0,29555,255142,74273,88657,21104,33645,0.0,563.375669799998,20644,31638,130422,305404,0,219112,506612,30144,555.895669799998,142352,77,23.95,21.35,100.5,
2023-2024,April,15,KARNATAKA,1516,HASSAN,429625,232.181952318103,16,158,1835.955974353,8338,2,59349,429597,62329,72171,7755,7127,57.33208,2890.734756053,26224,43300,168725,415294,0,275184,646843,67687,997.4467017,225221,84,35.24,20.31,99.95,
2023-2024,April,15,KARNATAKA,1519,KOLAR,284421,201.444766770824,13,95,1696.048603239,1277,0,56613,284184,66872,94062,17593,23403,155.02099,2423.543389239,20610,30447,137442,344147,0,235432,579616,57890,572.473796,147227,73,41.76,20.14,100.24,
2023-2024,April,15,KARNATAKA,1529,RAMANAGARA,267376,142.733268603573,16,56,3389.64597984798,14844,1,84230,267368,34588,53624,4085,5502,0.0,3771.26906544798,15896,24044,147811,328730,0,198408,446596,99074,381.6230856,141390,90,31.71,15.11,99.99,
2023-2024,April,15,KARNATAKA,1531,VIJAYANAGARA,906369,122.787515264583,15,583,3853.194362616,3574,0,30798,1057022,229334,113168,212133,91683,67.89965,5218.985062216,67611,121544,171478,454047,1,240750,651327,34372,1297.8910496,547168,63,12.87,60.12,100.01,
2023-2024,Feb,15,KARNATAKA,1505,BALLARI,6103053,272.905371909134,54,2245,4603.10208001699,27370,0,12101,5392984,1073974,69228,1642184,96171,399.9895,19720.8346222171,98688,216411,113758,327935,2271,167880,474972,39471,14717.7430422001,2882389,60,34.98,48.27,99.85,
2023-2024,Feb,15,KARNATAKA,1507,VIJAYPURA,4140314,306.97960520177,42,1662,4794.483463515,28376,1,36194,4136822,752753,70876,72155,6095,720.64271,18214.326017015,96957,154751,161485,344854,1058,344631,762930,64570,12699.1998435,2133562,76,49.39,26.65,100.03,
2023-2024,Feb,15,KARNATAKA,1518,KODAGU,482839,306.209721314822,39,143,743.257480356001,5055,1,5629,480004,42748,8289,24884,4189,155.90513,2368.981521056,12089,20454,32200,76361,56,87345,190392,10684,1469.8189107,248334,78,32.99,16.47,100.4,
2023-2024,Feb,15,KARNATAKA,1520,KOPPAL,9412770,288.382377709338,50,3768,6842.19847043315,30064,0,35004,9411798,1526072,96123,1395089,79260,562.51476,34546.680088033,186620,398927,222029,566987,3999,321584,837972,65068,27141.9668575999,4922729,70,19.84,64.51,99.67,
2023-2024,Feb,15,KARNATAKA,1522,MYSURU,2377815,305.682820866369,37,215,4808.901705162,30197,0,44319,2365759,403044,80045,239772,46931,435.69226,12476.312811262,62389,113555,158929,404901,639,343983,841979,74516,7231.7188461,1181699,81,36.96,14.2,100.46,
2023-2024,Feb,15,KARNATAKA,1524,SHIVAMOGGA,2597244,299.810489066819,29,554,3366.843903254,21636,0,22162,2596271,567805,89353,150105,20060,474.82745,11625.564135854,88013,156295,160189,404545,310,246913,565887,43798,7783.8927826,1397519,80,39.36,29.73,100.16,
2023-2024,Feb,15,KARNATAKA,1527,UTTARA KANNADA,1732448,302.550334487509,35,144,2506.97545207399,18029,0,25264,1731395,101565,15768,60852,8630,311.25713,8056.573945874,48229,82671,92782,231208,237,203229,449100,43293,5238.3413638,918908,81,32.06,27.42,100.24,
2023-2024,March,15,KARNATAKA,1506,BIDAR,5350000,305.64410761814,46,470,13283.381663547,32183,0,42269,5483202,1308434,81258,1004367,53409,843.54536,30886.010845347,116756,189409,156249,305909,667,247851,464307,74452,16759.0838218,2950662,62,27.31,24.22,101.49,
2023-2024,March,15,KARNATAKA,1508,CHAMARAJA NAGARA,2260000,313.810796638246,34,522,4481.29065992801,12580,0,28952,2210514,630005,88919,192463,33783,381.33974,11799.461993128,63566,104159,131258,306794,227,221868,510128,41532,6936.83159319997,1233028,77,25.7,33.11,101.85,
2023-2024,March,15,KARNATAKA,1516,HASSAN,4300000,313.842488877207,43,561,7819.62496824399,65401,2,29153,4261070,605520,72592,69558,7165,715.30266,21907.975769044,99008,184145,170062,417910,1147,279252,645605,94554,13373.0481408,2193255,83,45.7,20.63,100.04,
2023-2024,March,15,KARNATAKA,1521,MANDYA,3100000,311.728805832363,40,467,8197.23778145899,23769,0,32443,3098024,342274,44161,19333,2778,658.26659,18512.937591059,76659,124030,155690,378821,1008,346985,753195,56212,9657.4332196,1811702,73,34.64,20.64,100.11,
2023-2024,March,15,KARNATAKA,1524,SHIVAMOGGA,2750000,305.26638929789,30,569,3977.056397343,24942,0,20019,2761474,602108,89362,158256,20060,572.99414,12979.902508543,90509,161280,160205,404574,352,247022,565901,44961,8429.85197120001,1486988,80,39.58,29.23,100.17,
2023-2024,March,15,KARNATAKA,1526,UDUPI,800000,315.72147652062,39,66,2047.92571733699,9384,0,15325,788692,39066,6678,39540,6939,221.02992,4759.025664937,19768,34050,48328,114773,246,122535,248757,24709,2490.07002760001,501497,90,55.65,9.06,99.91,
2023-2024,March,15,KARNATAKA,1528,CHIKKABALLAPURA,3350000,310.917965354497,43,3127,6061.309200983,22669,0,30398,3275288,667134,83512,419901,50518,670.85974,16915.627750083,74767,132538,142662,356311,1176,222225,535903,53067,10183.4588091,1714516,80,44.33,21.33,99.76,
2023-2024,March,15,KARNATAKA,1529,RAMANAGARA,4050000,314.475040228776,48,331,10697.3166899199,90251,1,41979,4063012,565636,53838,61417,5514,617.9622,24092.4375114199,84617,142680,148552,330002,996,200510,430948,132230,12777.1586215,2135483,90,31.37,20.12,101.13,
2023-2024,Jan,15,KARNATAKA,1505,BALLARI,6057037,273.257215603691,54,2241,4592.18954001699,23424,0,14665,5350632,1066275,69228,1629259,96165,399.9895,19613.1670604171,98327,215595,113752,327921,2227,167530,474538,38089,14620.9880204001,2861034,61,34.86,48.92,99.85,
2023-2024,Jan,15,KARNATAKA,1506,BIDAR,4683542,301.648888757084,42,446,10911.869181486,18807,0,46198,4678635,1120878,81192,863422,53347,785.53547,25810.455137986,110058,178018,155960,305443,415,245880,461333,65005,14113.0504865,2498521,61,26.94,24.15,100.85,
2023-2024,Jan,15,KARNATAKA,1508,CHAMARAJA NAGARA,2014369,307.946160947242,33,497,3941.640822797,11061,0,29752,2010634,571986,88910,177181,33778,321.56898,10454.880016497,60766,99150,131222,306735,187,221583,509818,40813,6191.67021369996,1121275,77,25.15,33.31,101.38,
2023-2024,Jan,15,KARNATAKA,1520,KOPPAL,9031374,288.656994327917,48,3732,6803.96268843315,28365,0,35829,9030729,1467807,96121,1322850,79260,562.51476,33434.3083457327,185401,395773,222021,566971,3519,321454,841332,64194,26067.8308972996,4718594,70,19.52,65.57,99.66,
2023-2024,Jan,15,KARNATAKA,1521,MANDYA,2647244,303.410840066232,37,428,7182.82417237699,20350,0,33731,2645839,295379,44153,15403,2777,658.26659,15868.853099077,71007,114146,155600,378675,482,346487,752496,54081,8027.7623367,1547762,74,33.89,19.62,100.09,
2023-2024,Jan,15,KARNATAKA,1523,RAICHUR,11159900,266.378494332337,48,1013,14830.5315836787,34101,0,41916,11159448,2007066,123367,2571662,152027,621.20469,45178.1058318787,231753,464380,278610,648347,3414,363380,823671,76017,29726.3695582,5785397,67,23.79,48.7,99.94,
2023-2024,June,15,KARNATAKA,1505,BALLARI,5148295,245.971093522229,47,2192,1381.849686835,18376,0,17608,4558435,914728,69212,1404146,96133,77.18485,12671.466953835,95162,207344,113677,327779,1017,166561,475859,35984,11212.432417,2440404,61,34.26,51.49,99.86,
2023-2024,June,15,KARNATAKA,1510,CHITRADURGA,1665763,253.59022291313,23,231,62.430841,5331,2,45039,1665761,315640,96300,435841,90651,137.78221,4424.42008409999,70032,113792,183333,442805,27,325912,777155,50370,4224.20703309999,897614,59,24.19,48.79,100.54,
2023-2024,June,15,KARNATAKA,1515,KALABURAGI,3234912,269.796298961464,22,666,77.836962,3490,0,40327,3233206,819543,142571,74956,10776,135.81927,8936.72635779998,140878,242706,249727,543405,60,412926,876028,43817,8723.07012579998,1788161,63,18.84,51.51,99.86,
2023-2024,June,15,KARNATAKA,1526,UDUPI,379537,289.898232873211,31,39,703.691636414,3231,0,17542,379537,18357,6637,17547,6898,44.56484,1848.527532514,12238,20708,47700,113657,80,120180,244714,20773,1100.2710561,239579,90,60.1,9.77,99.99,
2023-2024,Oct,15,KARNATAKA,1501,BAGALKOTE,4241284,295.482078462639,41,2351,6545.99811530601,8512,0,27260,4240846,704367,60275,334544,26137,469.67549,19546.6135105057,103305,181578,157230,342114,1201,270002,551564,35772,12530.9399051997,2258429,61,30.18,36.3,99.65,
2023-2024,Oct,15,KARNATAKA,1502,BENGALURU,58373,278.572670070067,36,5,66.571168501,935,0,2875,58373,8817,3493,886,358,19.88441,249.066803201,1621,2862,7104,16251,22,62037,139330,3810,162.6112247,30105,88,50.05,8.22,99.6,
2023-2024,Oct,15,KARNATAKA,1514,GADAG,3382390,303.752963752944,36,1094,3095.549907823,5161,0,23867,3379833,519108,57003,298145,25965,239.15345,13601.0462652231,91785,194939,122760,311861,423,163656,393382,29028,10266.3429074,1635673,70,17.51,62.88,99.85,
2023-2024,Oct,15,KARNATAKA,1515,KALABURAGI,4470223,286.233133447875,28,716,6091.46736649701,12566,0,40263,4467025,1094636,143038,105165,10852,499.76826,19377.341255897,157228,273076,250851,545471,228,416154,872542,52829,12786.1056294,2436938,63,25.76,45.71,99.84,
2023-2024,Oct,15,KARNATAKA,1521,MANDYA,1998998,300.888989701491,32,368,5021.04896940599,17440,0,33578,1998736,227451,44113,11895,2768,338.34979,11373.375316606,61790,97510,155332,378221,144,345550,751856,51018,6013.97655719999,1174441,73,33.81,20.01,100.08,
2023-2024,Oct,15,KARNATAKA,1525,TUMAKURU,3727900,297.162697384843,36,561,7579.136240807,52796,0,78296,3725742,515041,85520,298394,43392,721.66137,19372.313035607,101545,181029,226106,535969,502,392134,868368,131092,11071.5154248,1880099,85,34.79,26.26,99.82,
2023-2024,Oct,15,KARNATAKA,1526,UDUPI,558402,311.126225910611,35,55,1492.64715537699,5792,0,17268,558389,26761,6660,29401,6932,126.81032,3356.752096977,15841,27184,48021,114255,139,121177,246324,23060,1737.2946216,348344,90,58.37,8.51,99.95,
2023-2024,Nov,15,KARNATAKA,1506,BIDAR,4051792,298.020562115073,38,423,6972.14383006499,15026,0,46061,4050434,976033,81100,757653,53285,623.00713,19666.277134965,104648,168662,155608,304871,274,244366,459130,61087,12071.1261749,2158490,60,28.77,27.67,100.35,
2023-2024,Nov,15,KARNATAKA,1513,DHARWAR,1915248,303.105714155828,39,206,2742.284174131,10347,0,39106,1913756,161612,20508,116976,15702,298.29208,8841.28004513101,49061,88469,87699,229800,251,168707,403515,49453,5800.70379100001,868589,77,34.34,28.49,100.57,
2023-2024,Nov,15,KARNATAKA,1518,KODAGU,387096,305.268770511796,36,123,476.646421071,3176,1,6547,385388,34722,8276,19364,4182,124.71242,1777.828050371,10654,17866,32099,76189,30,87083,189981,9723,1176.4692093,200061,79,32.03,16.99,100.32,
2023-2024,Nov,15,KARNATAKA,1520,KOPPAL,8388720,284.188434447839,45,3673,5548.35913882017,19428,0,42676,8388146,1378478,96107,1233569,79253,500.47807,29886.9780054192,182814,389689,221959,566856,2689,321085,842791,62104,23838.1407965991,4378411,69,18.82,68.15,99.67,
2023-2024,Nov,15,KARNATAKA,1531,VIJAYANAGARA,6861586,283.183875697956,55,1221,7901.74674968799,19745,0,29251,7554727,1763483,114013,1605139,92620,342.46255,29637.9780166879,136758,273264,173581,457906,5414,245860,638189,48996,21393.7687169999,3894217,61,12.44,59.57,100.42,
2023-2024,Sep,15,KARNATAKA,1502,BENGALURU,45290,276.475612276441,33,5,66.571168501,931,0,2751,45290,6753,3459,684,358,19.88441,211.671383301,1333,2338,7057,16166,16,61856,139012,3682,125.2158048,23501,87,49.01,8.75,99.64,
2023-2024,Sep,15,KARNATAKA,1503,BENGALURU RURAL,1129985,305.911366840006,41,480,1837.384144002,9863,0,14247,1129964,158814,28050,69283,8817,175.41289,5469.48535120201,27444,46825,63355,147400,179,117892,257895,24110,3456.6883172,572917,72,43.83,15.84,99.97,
2023-2024,Sep,15,KARNATAKA,1506,BIDAR,3351440,298.022864073164,34,394,5464.413536167,7309,0,50197,3350295,816690,80991,631142,53205,558.36111,16007.419760067,97642,156610,155063,303990,190,242991,457091,57506,9984.64511390001,1786736,60,29.76,31.15,100.13,
2023-2024,Sep,15,KARNATAKA,1517,HAVERI,3076859,294.355063470006,36,468,5285.16504380201,4499,0,51512,3072081,414482,56619,399900,44723,318.51108,14646.502101202,83369,159165,158052,383592,659,269141,614353,56011,9042.82597739999,1444168,73,27.7,24.07,100.03,
2023-2024,Sep,15,KARNATAKA,1527,UTTARA KANNADA,1087755,304.080991151208,29,110,581.982215409001,9484,0,28791,1087493,65436,15743,40402,8614,195.31138,4084.153088509,37120,62704,92308,230327,101,201421,446097,38275,3306.8594931,570947,81,30.97,29.0,100.01,
2023-2024,Sep,15,KARNATAKA,1528,CHIKKABALLAPURA,2059382,295.676644323635,34,2626,1831.851104183,7734,0,39713,2058509,414277,83451,258620,50505,391.32633,8309.70776848302,59956,103887,142541,356088,440,221362,534570,47447,6086.53033430002,1067658,80,44.89,21.84,99.55,
2023-2024,Dec,15,KARNATAKA,1501,BAGALKOTE,4790595,298.536684095563,44,2434,6609.21608830601,15907,0,21143,4789936,799006,60292,369971,26150,584.90085,21493.8330430056,107103,188775,157358,342313,1744,270681,551038,37050,14299.7161046996,2563487,61,31.04,35.79,99.67,
2023-2024,Dec,15,KARNATAKA,1508,CHAMARAJA NAGARA,1849486,305.681639380723,31,477,2917.141809527,10331,0,30009,1847838,524767,88889,162394,33767,321.56898,8887.21228102697,58384,94948,131161,306635,164,221284,509375,40340,5648.50149149997,1030772,77,24.83,33.23,100.85,
2023-2024,Dec,15,KARNATAKA,1510,CHITRADURGA,5343372,297.630673732843,46,419,4606.335847099,21095,1,42053,5340277,1035317,96769,1248235,91090,629.86315,21130.501411399,115749,198719,184647,445125,807,329013,775358,63148,15894.3024143,2894646,62,25.14,39.0,102.03,
2023-2024,Dec,15,KARNATAKA,1515,KALABURAGI,5038879,291.503540854207,30,745,6102.85736649701,16460,0,39711,5033325,1231702,143243,116284,10862,744.50412,21519.682084197,164053,285090,251254,546247,337,418156,875009,56171,14672.3205977,2739448,62,26.3,42.6,99.85,
2023-2024,Dec,15,KARNATAKA,1519,KOLAR,3464664,303.482501982885,46,393,5579.796189188,29217,0,41416,3459604,831821,94484,229524,23480,741.87972,16820.968687088,74355,121254,138496,345970,730,238041,576229,70633,10499.2927779,1815745,74,38.11,25.24,100.0,
2023-2024,July,15,KARNATAKA,1501,BAGALKOTE,3010590,287.406612888053,33,2073,724.0353147,2789,0,30446,3010553,488981,60065,243270,26082,137.83596,9514.39968119967,90189,156922,156451,340817,453,267906,562541,33235,8652.52840649967,1607876,60,28.54,34.05,99.65,
2023-2024,July,15,KARNATAKA,1502,BENGALURU,28228,279.048412923339,30,3,58.949300176,349,5,3137,28228,4215,3433,472,352,13.6648,151.383886176,935,1636,6937,15978,8,61560,138616,3486,78.769786,14562,87,41.69,9.78,99.78,
2023-2024,July,15,KARNATAKA,1504,BELAGAVI,7614811,298.398922899746,33,2622,5442.89679840499,24520,0,105748,7614463,801920,107089,805875,83607,359.71929,28524.0916650047,228463,339860,423027,923793,1151,808085,1664403,130268,22721.4755765997,4420951,67,26.56,31.62,100.28,
2023-2024,July,15,KARNATAKA,1505,BALLARI,5701954,264.621753317562,51,2227,1397.580966835,19233,0,17379,5031935,1008194,69220,1538600,96145,130.81597,14843.991559635,96893,212049,113711,327839,1699,166770,475429,36612,13315.5946228,2695327,61,33.52,51.62,99.85,
2023-2024,July,15,KARNATAKA,1509,CHIKKAMAGALURU,902782,287.069067150209,27,105,1488.085168098,6727,0,32907,902782,121232,46336,25678,9121,240.24843,4319.941463898,32538,58605,97489,237607,52,174846,395301,39634,2591.6078658,460374,71,34.09,13.87,100.25,
2023-2024,July,15,KARNATAKA,1516,HASSAN,1820954,289.517287622962,29,332,2067.016974291,20891,2,56928,1820783,257399,72356,31437,7153,262.6056,7601.104129391,62754,111504,169407,416626,189,276626,643014,77819,5271.4815551,944231,83,40.51,21.79,99.94,
2023-2024,July,15,KARNATAKA,1520,KOPPAL,7143086,284.030441285907,40,3500,2296.02081498316,2588,0,53950,7142716,1182600,95989,1029005,79169,195.90456,22779.4131495822,176438,374459,221563,566112,1854,319886,855075,56538,20287.4877745991,3736039,69,16.5,71.22,99.7,
2023-2024,July,15,KARNATAKA,1526,UDUPI,427388,307.565623204208,32,43,706.071636414,3600,0,17942,427388,20693,6644,20836,6908,72.51876,2093.088962114,13349,22672,47779,113799,93,120422,245080,21542,1314.4985657,268187,90,59.96,9.35,99.99,
2023-2024,July,15,KARNATAKA,1531,VIJAYANAGARA,5319945,279.023920056394,48,1099,3905.016699416,8268,0,35709,5986095,1352131,113771,1338782,92445,220.71617,20828.3697967158,124461,245171,173035,456892,2040,243914,641679,43977,16702.6369272998,3086045,63,9.03,63.06,100.12,
2023-2024,Aug,15,KARNATAKA,1501,BAGALKOTE,3436962,292.586119791058,36,2161,1344.044421652,4840,0,29296,3436717,567557,60185,273590,26105,137.83596,11537.2373001516,95320,166261,156861,341492,653,268926,555716,34136,10055.3569184996,1830892,60,29.1,34.83,99.65,
2023-2024,Aug,15,KARNATAKA,1506,BIDAR,2927404,294.018178746577,31,376,5435.103159467,6286,0,48806,2926512,727120,80853,554911,53099,374.38305,14413.963492667,92423,147423,154536,303159,125,241574,456325,55092,8604.47728320002,1565172,60,28.99,33.0,100.14,
2023-2024,Aug,15,KARNATAKA,1507,VIJAYPURA,2135507,294.122652350301,29,1347,2803.741465507,15905,1,36381,2134620,388538,70395,38095,5970,379.69456,9461.836987107,73120,113685,159726,341757,266,338233,752426,52286,6278.4009616,1123056,74,47.71,31.23,100.03,
2023-2024,Aug,15,KARNATAKA,1509,CHIKKAMAGALURU,1250913,289.884075886972,31,126,1488.085168098,11092,0,30663,1250913,172167,46386,35587,9131,240.24843,5354.531188298,39226,71679,97657,237959,118,175208,395445,41755,3626.1975902,642095,72,38.19,14.34,100.19,
2023-2024,Aug,15,KARNATAKA,1510,CHITRADURGA,3076618,287.162766798663,33,319,66.850841,9864,1,45031,3076599,574342,96505,780646,90852,137.78221,9039.4798627,91036,152407,183926,443854,284,327138,774454,54895,8834.8468117,1655100,61,24.94,45.24,100.71,
2023-2024,Aug,15,KARNATAKA,1513,DHARWAR,1340366,300.813438207447,32,169,241.728948285,3482,0,42899,1339765,116057,20491,81921,15687,98.00986,4369.931968685,41295,73297,87487,229465,123,168061,403506,46381,4030.1931604,603172,76,32.0,28.43,100.5,
2023-2024,Aug,15,KARNATAKA,1514,GADAG,3120100,301.91411857283,34,1071,76.02176,2365,0,25165,3117915,473183,56991,277720,25961,81.26374,9570.71109010004,89460,189835,122725,311788,325,163463,396633,27530,9413.42559010004,1505232,71,16.21,65.6,99.87,
2023-2024,Aug,15,KARNATAKA,1516,HASSAN,2268912,295.420263701233,32,390,2067.016974291,39495,2,41614,2268628,320169,72403,38661,7156,262.6056,9031.609394291,70541,126999,169595,417010,354,277168,643057,81109,6701.98682,1173204,84,42.42,22.39,99.96,
2023-2024,Aug,15,KARNATAKA,1518,KODAGU,209209,294.408204141487,29,78,0.0,722,1,7601,208669,18666,8264,9944,4148,6.00278,620.3414355,7065,11489,31939,75894,13,86800,189514,8323,614.3386555,107758,78,26.96,18.76,100.28,
2023-2024,Aug,15,KARNATAKA,1521,MANDYA,1480548,292.432498632021,28,315,2704.136820421,12861,0,35240,1480286,172327,44061,9162,2766,106.15643,7139.130587121,52838,81640,155031,377680,73,344691,752428,48101,4328.8373367,864249,73,33.11,18.19,99.95,
2023-2024,May,15,KARNATAKA,1502,BENGALURU,10074,202.735616438356,20,2,58.949300176,152,16,3112,10074,1382,3406,198,350,0.02342,79.396306176,480,788,6849,15791,0,61329,138309,3264,20.423586,5154,87,31.25,15.86,99.45,
2023-2024,May,15,KARNATAKA,1503,BENGALURU RURAL,300856,280.141464288563,21,225,417.719954260001,1670,0,19482,300856,43776,27891,16559,8703,29.46065,1290.00300806,13796,21782,62520,145991,4,116375,259182,21152,842.8224038,153378,71,39.31,13.7,100.01,
2023-2024,May,15,KARNATAKA,1508,CHAMARAJA NAGARA,539213,277.795461900814,16,275,10.54,1809,0,32419,539001,157143,88707,51249,33656,0.0,1507.86031760001,31741,49077,130554,305627,0,219404,506911,34228,1497.32031760001,307132,76,22.02,29.66,100.3,
2023-2024,May,15,KARNATAKA,1524,SHIVAMOGGA,543918,226.0389891491,15,207,1113.457595591,5310,0,29231,543918,108564,89014,33628,20002,57.72202,2400.646364591,35399,58865,159112,402646,16,244523,563808,34541,1229.466749,293664,80,31.6,31.17,100.12,
2023-2024,May,15,KARNATAKA,1531,VIJAYANAGARA,2725515,215.208070474257,30,848,3869.683129416,6107,0,33862,3100451,666453,113403,682351,92082,110.97996,10653.0838625158,100248,190182,172145,455271,58,241778,650606,39969,6672.4207730998,1598914,63,8.54,61.65,100.07,
2023-2024,Jan,15,KARNATAKA,1501,BAGALKOTE,4995462,299.748806754091,46,2469,8652.95770011901,17031,0,20350,4993472,829931,60301,382698,26151,646.34626,24267.1766957186,108329,191172,157400,342387,1909,270946,550771,37381,14967.8727355996,2674455,61,31.17,35.73,99.71,
2023-2024,Jan,15,KARNATAKA,1509,CHIKKAMAGALURU,2809814,306.382531617486,47,209,4900.50104023399,21734,0,28414,2808098,432239,46603,87108,9169,592.58319,14096.605972934,59703,112541,98264,239138,692,176776,396342,50148,8603.52174269999,1452936,74,41.7,15.0,100.14,
2023-2024,Jan,15,KARNATAKA,1512,DAVANAGERE,3007955,307.598489500614,42,343,3937.55098730799,11024,0,25233,3006178,673408,66838,460931,44688,595.49398,13780.0030870078,70329,126256,123799,289379,931,236416,518428,36257,9246.95811969976,1545319,80,34.57,27.94,100.04,
2023-2024,Jan,15,KARNATAKA,1513,DHARWAR,2163128,307.760041769475,41,218,3260.79792671199,11896,0,39011,2156120,185166,20510,131138,15706,378.6649,10275.138639312,51824,93941,87755,229915,342,169023,403837,50907,6635.67581260001,983175,77,34.15,27.98,101.48,
2023-2024,Jan,15,KARNATAKA,1519,KOLAR,3705610,304.404925286356,48,410,7979.67264108801,30271,0,41155,3697919,892708,94497,245807,23480,741.87972,19978.199930188,76884,125653,138526,346026,828,238243,576560,71426,11256.6475691,1944424,74,38.22,25.4,100.1,
2023-2024,Jan,15,KARNATAKA,1525,TUMAKURU,5444483,304.568765124751,42,703,9811.134656969,64326,1,80615,5437610,746935,85768,438628,43494,875.19418,27247.590466269,126674,228824,227300,538153,1051,394984,872982,144941,16561.2616293,2745569,86,37.52,26.33,99.88,
2023-2024,Jan,15,KARNATAKA,1529,RAMANAGARA,3581988,301.299624030709,44,316,8991.78312630996,77240,1,52213,3580319,497236,53833,53351,5514,555.71871,20334.98952241,79938,134208,148541,329986,765,200387,431113,129453,10787.4876861,1878370,90,31.52,20.29,100.98,
2023-2024,Jan,15,KARNATAKA,1530,Yadgir,4550022,302.644374596525,41,569,3387.18822064301,26449,0,35778,4544890,925805,66478,548313,36210,219.17378,17361.215917243,110044,176599,156660,307176,628,269124,533112,62227,13754.8539166,2353580,82,40.71,44.62,99.88,
2023-2024,March,15,KARNATAKA,1503,BENGALURU RURAL,1800000,313.478699838444,50,601,3770.0138207,15817,0,10525,1784509,254401,28235,110999,8852,290.71478,9654.78421240001,35109,60790,63829,148221,454,119263,259979,26342,5594.05561170001,911115,71,46.14,14.87,100.0,
2023-2024,March,15,KARNATAKA,1504,BELAGAVI,12800000,304.099351244247,45,3095,22669.2711220219,68912,0,77241,12600659,1356183,107639,1303411,84042,1292.85041,62280.6438035218,275346,417921,426664,928968,4460,817695,1669906,146153,38318.5222714999,7289618,65,27.38,29.3,102.02,
2023-2024,March,15,KARNATAKA,1510,CHITRADURGA,6700000,307.070986192038,52,475,10849.292720734,31434,1,38544,6722281,1317348,96913,1548538,91215,755.58083,32247.048112034,128351,221762,185066,445838,1280,330281,777082,69978,20642.1745613,3663015,62,24.32,36.01,104.21,
2023-2024,March,15,KARNATAKA,1515,KALABURAGI,6150000,292.265258211975,35,805,7899.47806688101,19543,0,42934,6299611,1535425,143410,143503,10881,811.11458,27122.167002381,176572,309172,251653,547000,557,421212,879771,62477,18411.5743555,3436818,63,27.32,41.72,99.91,
2023-2024,March,15,KARNATAKA,1517,HAVERI,4750000,307.75347439507,45,562,9902.43275297299,23517,0,39440,4636197,606940,56685,568606,44752,582.65636,24753.146460273,101717,195837,158351,384175,1262,270842,616708,62957,14268.0573473,2180514,72,31.34,22.82,100.49,
2023-2024,March,15,KARNATAKA,1520,KOPPAL,10000000,290.996978655132,52,3801,7909.57086440916,32106,0,33976,9856657,1589523,96123,1460604,79260,690.11602,37282.2609508088,187876,402212,222030,566989,4623,321690,835831,66082,28682.5740663996,5163463,70,20.16,63.65,99.69,
2023-2024,Feb,15,KARNATAKA,1506,BIDAR,5010572,298.469481960533,44,455,10916.459181486,30320,0,39986,5006356,1194237,81240,920334,53388,785.53547,26644.439469786,112606,182371,156175,305800,472,246986,463021,70306,14942.4448183,2682480,60,26.8,23.8,101.34,
2023-2024,Feb,15,KARNATAKA,1508,CHAMARAJA NAGARA,2130266,310.296067897235,34,514,3946.280882797,11925,0,29257,2124652,603468,88919,186521,33783,321.56898,10860.561475297,62425,102122,131253,306787,213,221771,510008,41182,6592.71161249996,1185067,77,25.44,33.2,101.67,
2023-2024,Feb,15,KARNATAKA,1509,CHIKKAMAGALURU,3011113,307.396903907517,48,220,4923.75523023399,25006,0,26409,3008560,463809,46609,94114,9169,592.58319,14764.558712434,61693,116491,98303,239208,802,176976,396612,51415,9248.22029219999,1557235,74,41.61,14.9,100.22,
2023-2024,Feb,15,KARNATAKA,1511,DAKSHINA KANNADA,1326526,305.025659818386,47,97,1564.686462694,19045,0,15584,1326221,84666,12407,84046,11779,316.8982,5926.899018594,28162,48090,72618,167713,283,168528,354067,34629,4045.3143559,721397,91,60.2,2.89,100.11,
2023-2024,Feb,15,KARNATAKA,1515,KALABURAGI,5704045,285.273072540585,33,775,6541.78165673401,17476,0,42682,5692055,1393603,143385,131825,10881,744.50412,23524.185965934,169914,296094,251594,546883,454,420243,878351,60158,16237.9001892,3100656,63,26.68,42.13,99.89,
2023-2024,Feb,15,KARNATAKA,1526,UDUPI,750155,307.826014402401,39,64,1765.036128308,8294,0,16032,749875,37222,6678,38104,6939,181.84314,4255.189593808,18918,32567,48319,114759,228,122282,248315,24326,2308.31032550001,475667,90,55.55,9.24,99.9,
2023-2024,Feb,15,KARNATAKA,1530,Yadgir,4921155,303.940617899227,43,583,3398.06822064301,27343,0,37063,4911173,997624,66500,584263,36218,219.17378,18544.291562943,113069,181693,156739,307328,681,269603,533880,64406,14927.0495623,2545293,82,40.96,44.82,99.88,
2023-2024,April,15,KARNATAKA,1510,CHITRADURGA,140232,187.871369179206,9,36,34.68286,590,11,43065,140230,22800,96089,32698,90456,10.48396,308.618841,14162,21394,182784,441852,0,324740,780529,43655,263.452021,75951,57,16.73,33.91,101.69,
2023-2024,April,15,KARNATAKA,1514,GADAG,1445776,180.682135915273,21,799,20.71893,679,0,24072,1444547,210903,56856,133213,25896,0.0,2630.7573039,66988,139038,122248,310885,4,162185,403248,24751,2610.0383739,688278,71,14.13,71.12,99.93,
2023-2024,April,15,KARNATAKA,1524,SHIVAMOGGA,246803,197.960849381896,12,114,1102.497865591,4267,0,28706,246803,46030,88957,13359,19985,0.0,1591.071180691,19212,30636,158947,402366,0,244237,565031,32973,488.5733151,131195,80,35.2,30.13,100.19,
2023-2024,April,15,KARNATAKA,1526,UDUPI,125351,211.427404328645,19,25,699.632546414,1964,0,16892,125351,6771,6621,5443,6865,0.0,964.658912014,6283,10164,47309,112938,3,119452,243799,18856,265.0263656,78821,90,65.32,6.72,100.0,
2023-2024,June,15,KARNATAKA,1504,BELAGAVI,6381958,276.949733612038,30,2365,5394.21359130499,18386,0,110368,6381820,658114,106841,651955,83285,117.28812,23185.9352009048,210202,309918,421097,920962,580,804006,1660085,128754,17674.4334895998,3736025,67,27.48,33.79,100.21,
2023-2024,June,15,KARNATAKA,1507,VIJAYPURA,1232518,277.619257850895,21,886,347.513453464,3780,1,43068,1232057,230532,70121,23190,5926,313.1875,4081.128453164,57143,87177,158567,339791,38,335450,748759,46848,3420.4274997,658044,74,43.23,31.44,100.01,
2023-2024,June,15,KARNATAKA,1513,DHARWAR,853877,268.782238161827,26,139,20.62796,2322,0,41322,853848,72933,20460,52058,15660,87.09384,2402.7135649,32706,57208,87165,228980,54,167224,403036,43644,2294.9917649,388642,76,26.79,27.55,100.48,
2023-2024,June,15,KARNATAKA,1523,RAICHUR,6502832,219.835723427888,32,850,7415.07913677634,11802,0,52210,6502832,1156025,122793,1514487,151438,112.39259,21823.0194972766,200641,400254,276914,645425,352,358379,829144,64012,14295.5477705002,3388105,68,16.54,51.06,99.82,
2023-2024,June,15,KARNATAKA,1527,UTTARA KANNADA,743025,279.397885161282,25,88,556.638053909001,3364,0,32537,742955,43930,15735,28243,8611,66.40634,2698.844951609,29090,48464,92037,229838,26,200829,447475,35901,2075.8005577,397671,80,25.76,31.26,99.85,
2023-2024,Nov,15,KARNATAKA,1510,CHITRADURGA,4761277,293.861631342241,43,395,4599.305847099,19392,1,41823,4761153,915041,96722,1129202,91039,515.42005,19105.927773599,109764,187660,184520,444904,630,328494,774576,61215,13991.2018765,2574953,62,26.61,44.17,101.12,
2023-2024,Nov,15,KARNATAKA,1514,GADAG,3489960,302.771978645304,37,1100,3109.14351782301,8112,0,21601,3486446,539138,57003,306702,25966,239.15345,13904.2785064231,92482,196527,122764,311867,461,163770,393348,29713,10555.9815386001,1688981,69,18.19,61.92,99.84,
2023-2024,Nov,15,KARNATAKA,1524,SHIVAMOGGA,2119540,298.582439576565,26,498,2600.701712141,17859,0,23236,2119335,458068,89299,123834,20052,371.62944,9300.293297941,80038,141231,159992,404209,187,246366,565137,41095,6327.9621458,1134487,81,40.01,32.12,100.07,
2023-2024,Nov,15,KARNATAKA,1525,TUMAKURU,4326414,302.088290067921,39,617,7600.424340807,57515,0,78970,4323546,596686,85607,347881,43435,721.66137,21383.011892507,110620,198427,226510,536684,685,393075,869901,136485,13060.9261817,2181149,86,36.36,26.72,99.84,
2023-2024,Oct,15,KARNATAKA,1505,BALLARI,5929845,272.142354475624,53,2237,3669.192411409,21450,0,16056,5240445,1047701,69226,1595541,96153,288.10078,18218.7635994091,97763,214284,113737,327890,2015,167030,473731,37506,14261.4704080001,2802885,61,34.23,50.5,99.85,
2023-2024,Oct,15,KARNATAKA,1510,CHITRADURGA,4192654,296.346573334952,40,372,4593.865847099,17412,1,42155,4192537,801921,96647,995484,90968,515.42005,17533.725632399,104370,177553,184329,444565,535,328030,774132,59567,12424.4397353,2262282,62,26.25,44.75,100.87,
2023-2024,Oct,15,KARNATAKA,1511,DAKSHINA KANNADA,908587,299.887266480432,41,72,1307.904545826,14513,0,17066,908532,60306,12390,56014,11731,191.33578,4223.812105726,22042,37185,72146,166850,145,167372,352219,31579,2724.5717799,496806,91,59.76,3.02,100.0,
2023-2024,Oct,15,KARNATAKA,1517,HAVERI,3459176,299.261433703961,39,493,5525.07437300201,5816,0,52572,3453321,468699,56647,443439,44733,328.82108,16188.353388002,88405,169293,158149,383773,784,269605,615069,58388,10334.457935,1620516,73,28.5,24.15,100.09,
2023-2024,Oct,15,KARNATAKA,1527,UTTARA KANNADA,1219343,304.453010193745,30,120,1899.227770227,13272,0,26030,1219081,71701,15746,44610,8621,195.31138,5806.067951427,39802,67480,92431,230560,123,201882,446833,39302,3711.5288012,637911,81,31.36,28.97,99.99,
2023-2024,Aug,15,KARNATAKA,1503,BENGALURU RURAL,932668,295.899555365656,37,438,420.37758426,8179,0,15306,932654,131133,28025,56472,8778,29.46065,3209.55727336,25005,42243,63170,147107,112,117505,258037,23485,2759.7190391,472396,72,42.44,15.9,99.99,
2023-2024,Aug,15,KARNATAKA,1505,BALLARI,5810866,271.069161636841,52,2231,3560.08065980899,20006,0,16922,5132549,1026969,69224,1566383,96152,130.81597,17603.654174709,97251,212997,113727,327868,1854,166889,474058,36928,13912.7575449,2748473,61,33.9,51.35,99.85,
2023-2024,Aug,15,KARNATAKA,1508,CHAMARAJA NAGARA,1128029,309.613508234084,24,372,26.08752,7216,0,29503,1127630,329685,88797,97792,33699,155.79561,3673.1779329,45645,72488,130865,306148,75,220337,508353,36719,3491.2948029,634500,76,22.98,32.79,100.57,
2023-2024,Aug,15,KARNATAKA,1519,KOLAR,1960965,294.410562766587,34,287,1852.029460728,20676,0,44984,1959960,464250,94266,136585,23449,212.18077,7834.53949672801,56204,89346,138029,345169,239,236711,574630,65660,5770.32926600001,1020609,74,39.26,24.12,100.07,
2023-2024,Aug,15,KARNATAKA,1520,KOPPAL,7355291,288.838584618556,41,3555,2388.88023938316,3575,0,54218,7354816,1214959,96030,1064703,79218,195.90456,23828.3312350823,178053,378067,221748,566464,1992,320446,847670,57793,21243.5464356991,3843184,70,17.37,70.28,99.7,
2023-2024,Aug,15,KARNATAKA,1524,SHIVAMOGGA,1517357,296.589390038073,22,412,2545.167794941,14591,0,23626,1517357,341422,89220,91953,20037,63.34099,7108.828655941,66498,115377,159683,403669,80,245723,564488,38217,4500.319871,822661,81,36.29,36.1,100.09,
2023-2024,Aug,15,KARNATAKA,1527,UTTARA KANNADA,970510,304.035147127333,28,101,565.832215409001,8954,0,28543,970248,58257,15741,36432,8612,131.63393,3647.361079709,34233,57565,92199,230133,83,201202,445855,37497,2949.8949343,510433,81,30.12,29.27,99.95,
2023-2024,July,15,KARNATAKA,1503,BENGALURU RURAL,710874,290.484765490591,32,379,420.37758426,4321,0,18381,710867,98862,27982,41430,8765,29.46065,2514.79857216,21842,36320,62940,146705,55,117093,257917,22702,2064.9603379,358620,72,41.27,15.4,100.04,
2023-2024,July,15,KARNATAKA,1510,CHITRADURGA,2527940,284.761299532582,30,290,66.850841,6812,1,46004,2527932,476929,96404,661763,90772,137.78221,7403.2050655,83858,139027,183658,443375,129,326587,776748,52816,7198.5720145,1359943,61,24.01,46.27,100.54,
2023-2024,July,15,KARNATAKA,1517,HAVERI,2208064,292.977569253232,31,400,75.9551017,2925,0,50339,2206684,301522,56561,301976,44686,65.275,6606.31924599999,69784,131970,157750,383011,288,268100,614568,53264,6465.08914429999,1044785,74,24.46,24.03,99.98,
2023-2024,July,15,KARNATAKA,1518,KODAGU,163556,296.088557691719,27,65,0.0,319,1,7645,163273,14944,8255,7800,4145,6.00278,489.4354508,6005,9717,31871,75762,3,86689,189367,7964,483.4326708,83843,78,25.82,18.23,100.13,
2023-2024,July,15,KARNATAKA,1521,MANDYA,1140993,279.152070300104,24,287,2704.136820421,11569,0,34595,1140738,134508,44012,6799,2766,106.15643,5994.686994121,46874,71368,154768,377243,32,343992,751846,46164,3184.3937437,662701,73,30.24,16.42,99.95,
2023-2024,Sep,15,KARNATAKA,1501,BAGALKOTE,3821584,294.685023461909,38,2260,1366.292854152,6100,0,28794,3821299,637158,60252,303593,26119,390.42464,13017.5133488517,99408,173837,157063,341831,938,269527,551609,34894,11260.7958546997,2030597,61,29.63,35.23,99.65,
2023-2024,Sep,15,KARNATAKA,1504,BELAGAVI,8987307,298.81239760962,36,2808,15199.6120782,40658,0,92837,8986367,952421,107333,972529,83875,723.21153,42775.2022988997,244822,367440,424703,926233,1719,811774,1665510,133495,26852.3786906997,5149975,67,26.08,31.83,100.38,
2023-2024,Sep,15,KARNATAKA,1507,VIJAYPURA,2608804,295.803044574531,32,1448,2946.063630907,18905,1,36817,2607655,473713,70617,44888,6019,509.79881,11169.385322907,80466,126087,160366,342894,434,339864,755131,55722,7713.52288199999,1366021,74,48.17,31.08,100.02,
2023-2024,Sep,15,KARNATAKA,1510,CHITRADURGA,3652714,295.526873923201,36,350,4182.924548936,13998,1,43498,3652607,688955,96591,891980,90920,396.21628,15373.576112736,98762,166826,184165,444288,443,327650,774279,57496,10794.4352838,1969778,61,25.79,45.26,100.69,
2023-2024,Dec,15,KARNATAKA,1503,BENGALURU RURAL,1522246,309.443317914466,47,545,1839.418474002,12554,0,12787,1522161,212533,28187,95892,8847,254.70799,6804.35196640201,32100,55447,63719,148012,306,118712,259078,25341,4710.22550240001,773933,72,46.27,15.06,99.92,
2023-2024,Dec,15,KARNATAKA,1504,BELAGAVI,10907952,297.834873710205,41,2985,15343.2929821,48561,0,91256,10904563,1178822,107532,1177601,84004,1124.37366,48945.2580817997,262476,396767,425966,928003,3044,815083,1667764,139817,32477.5914396997,6249111,66,26.91,30.18,101.04,
2023-2024,Dec,15,KARNATAKA,1506,BIDAR,4410809,302.109675499097,40,434,6974.18383006499,17875,0,45341,4409017,1058174,81147,820862,53316,748.69783,21042.948611465,107904,174372,155762,305126,359,245014,460072,63216,13320.0669514,2350272,60,26.77,24.51,100.56,
2023-2024,Dec,15,KARNATAKA,1513,DHARWAR,2061290,306.852818678099,40,216,2745.563414131,10822,0,39451,2059139,176534,20510,125643,15704,341.81488,9405.90435613102,50677,91719,87732,229873,309,168865,403630,50273,6318.52606200002,937269,77,34.04,27.8,100.88,
2023-2024,Dec,15,KARNATAKA,1516,HASSAN,3535096,305.688517577744,39,502,5974.24267375898,54555,2,34485,3533730,508937,72546,59100,7162,642.48682,17418.936345959,89246,164585,169970,417745,833,278440,644523,89040,10802.2068522,1822565,84,44.95,21.72,99.98,
2023-2024,Dec,15,KARNATAKA,1522,MYSURU,1987325,302.962412511758,34,186,3235.858563832,24894,0,47012,1978523,333421,79990,198190,46891,385.96545,9616.005026732,56620,102501,158691,404449,488,342173,839254,71906,5994.1810129,985996,81,35.38,13.86,100.32,
2023-2024,Dec,15,KARNATAKA,1525,TUMAKURU,4896292,305.52031906888,40,665,7612.528620807,59152,0,81553,4890198,674474,85686,394201,43465,875.19418,23428.271333507,119345,215048,226892,537399,862,393945,871306,140705,14940.5485327,2466644,86,36.65,26.27,99.86,
2023-2024,Jan,15,KARNATAKA,1503,BENGALURU RURAL,1617197,310.43918035068,48,560,3240.051463034,13199,0,12528,1617033,226226,28199,101848,8852,290.71478,8550.67023423401,33181,57384,63768,148107,333,118903,259394,25727,5019.90399120001,823204,72,46.16,14.95,99.89,
2023-2024,Jan,15,KARNATAKA,1527,UTTARA KANNADA,1587281,303.946896697338,34,138,2499.06474427399,16389,0,25868,1586629,93622,15760,57418,8630,311.25713,7632.831481874,45879,78423,92721,231101,196,202826,448371,42257,4822.5096076,840257,81,31.99,27.93,100.09,
2023-2024,Jan,15,KARNATAKA,1528,CHIKKABALLAPURA,2998345,306.370767715596,41,3021,4729.02835887,16085,0,35703,2995341,609416,83512,381989,50516,574.01679,14479.89436627,71676,126582,142654,356296,1003,222066,535729,51788,9176.84921740001,1563898,80,44.97,21.46,99.69,
2023-2024,March,15,KARNATAKA,1502,BENGALURU,90000,297.61692370805,42,13,98.543220095,1665,0,2380,88974,14495,3515,1291,359,40.22283,403.567731795,2079,3654,7159,16365,44,62360,139872,4045,264.8016817,46628,88,47.2,12.47,99.94,
2023-2024,March,15,KARNATAKA,1514,GADAG,4050000,306.758911046201,41,1156,4622.01178490101,14410,0,18716,3981179,641405,57006,345489,25968,401.32317,17235.956302101,95971,204189,122774,311885,661,164199,392130,33126,12212.6213472,1937295,69,21.08,55.38,99.85,
2023-2024,March,15,KARNATAKA,1522,MYSURU,2550000,313.000799686366,38,222,5802.21652868901,33477,0,41880,2537995,435115,80047,258842,46934,435.69226,14181.853434689,65108,118745,158947,404932,750,344197,842276,75357,7943.944646,1269461,81,37.0,14.52,100.46,
2023-2024,March,15,KARNATAKA,1530,Yadgir,5250000,312.676815449987,45,600,3496.18427526201,31027,0,35398,5270192,1065967,66512,623262,36227,219.17378,20194.026568962,115784,186422,156784,307411,780,269963,534418,66425,16478.6685137,2734658,83,41.23,45.0,99.9,
2023-2024,June,15,KARNATAKA,1502,BENGALURU,19673,253.720866161745,26,2,58.949300176,334,6,3048,19673,3060,3416,304,350,2.53929,111.403096176,735,1242,6890,15869,4,61447,138405,3382,49.914506,10085,87,39.4,10.93,99.39,
2023-2024,June,15,KARNATAKA,1511,DAKSHINA KANNADA,446599,278.701124723175,31,53,341.8144028,5170,0,22152,446581,28902,12309,27451,11657,62.5746,1649.0152726,14201,23462,71402,165427,43,165979,351070,27322,1244.6262698,236662,90,58.04,2.99,100.01,
2023-2024,June,15,KARNATAKA,1512,DAVANAGERE,1259109,285.786788679733,28,199,50.1124756,1241,0,28941,1258663,290691,66403,192684,44312,165.59481,3812.79985359999,44923,78528,122790,287527,90,233666,513793,30182,3597.09256799999,639355,80,27.49,32.44,99.98,
2023-2024,June,15,KARNATAKA,1517,HAVERI,1614121,244.950417035555,27,331,49.3844393,2705,0,49411,1612956,219274,56509,224734,44625,53.96892,4054.29580790001,58959,110290,157478,382486,108,267293,613590,52116,3950.94244860001,767372,73,21.25,21.71,99.95,
2023-2024,June,15,KARNATAKA,1518,KODAGU,109872,281.801861109845,24,45,0.0,177,1,7417,109655,10553,8244,4692,4141,0.0,309.0098308,4536,7295,31803,75626,0,86549,189386,7594,309.0098308,56395,78,22.18,15.92,100.12,
2023-2024,June,15,KARNATAKA,1519,KOLAR,1041649,267.863788874869,24,226,1697.918603239,3381,0,59088,1041354,246224,94159,73053,23431,212.18077,4699.509653239,41796,64698,137707,344618,33,235974,574027,62469,2789.41028,539960,73,38.0,24.93,100.02,
2023-2024,June,15,KARNATAKA,1520,KOPPAL,5999903,258.025776968784,35,3325,2267.39631498316,2364,0,52862,5999636,979702,95875,862923,79085,66.30793,17814.3116492821,170075,358236,221029,565103,630,318811,864103,55226,15480.6074042989,3118307,69,12.65,74.81,99.74,
2023-2024,June,15,KARNATAKA,1528,CHIKKABALLAPURA,762520,267.220003056102,21,1622,1800.741104183,4985,0,37334,762409,150512,83329,96891,50446,184.32759,4022.378047283,35088,58149,142274,355591,22,220493,536844,42319,2037.3093531,393762,80,48.65,17.6,99.56,
2023-2024,June,15,KARNATAKA,1529,RAMANAGARA,1002514,256.699965953142,24,155,3402.63188204798,51467,1,56463,1002442,139502,53689,15171,5504,71.43646,6047.33661474798,40292,63520,148069,329166,33,198914,444986,107930,2573.2682727,527579,90,26.45,14.95,100.14,
2023-2024,March,15,KARNATAKA,1531,VIJAYANAGARA,8050000,288.055028881117,60,1302,10779.241348727,25504,0,27464,8593158,1966272,114066,1777681,92655,342.46255,35874.727657427,143105,287703,173709,458129,7734,246960,638013,52968,24753.0237587,4438145,60,14.29,53.53,100.88,
2023-2024,July,15,KARNATAKA,1511,DAKSHINA KANNADA,563520,292.044832671401,34,63,346.0974266,6403,0,21940,563502,37580,12338,34280,11673,96.44164,2088.2175396,16295,27109,71614,165840,63,166326,351258,28343,1645.678473,301287,91,57.67,3.62,100.0,
2023-2024,July,15,KARNATAKA,1513,DHARWAR,1163387,299.012737970599,29,161,24.99129,2525,0,42882,1163358,99653,20483,71792,15681,98.00986,3601.5897582,39015,69000,87397,229317,97,167835,403687,45407,3478.5886082,527302,76,30.36,28.58,100.5,
2023-2024,July,15,KARNATAKA,1527,UTTARA KANNADA,880344,303.287849757182,27,93,565.832215409001,3899,0,32656,880082,52719,15738,33459,8611,98.63211,3333.646099309,32099,53779,92112,229974,60,201015,446209,36555,2669.1817739,465526,81,28.17,30.34,99.94,
2023-2024,July,15,KARNATAKA,1529,RAMANAGARA,1460637,272.863952600535,28,198,3418.47195194798,55211,1,56844,1460565,206993,53728,21681,5507,164.11775,7567.94509124799,50442,81013,148207,329403,119,199243,443565,112055,3985.35538930001,768369,90,27.78,15.83,100.17,
2023-2024,July,15,KARNATAKA,1530,Yadgir,1980311,282.647551553604,24,410,37.53407,10002,0,38714,1979978,401125,65466,252671,35653,0.0,5633.89340830001,79296,122830,154425,302961,69,264239,527528,48716,5596.35933830001,1047238,79,33.85,44.35,99.94,
2023-2024,Aug,15,KARNATAKA,1502,BENGALURU,36336,278.533592029943,32,3,58.949300176,874,5,2696,36336,5510,3448,578,357,13.6648,173.822066176,1107,1933,6985,16050,14,61723,138817,3570,101.207966,18818,87,45.09,9.23,99.72,
2023-2024,Aug,15,KARNATAKA,1504,BELAGAVI,8337534,298.322936866047,35,2726,7181.73909081099,32426,0,99470,8337115,881261,107186,888746,83733,359.71929,32412.9846987107,237688,355049,423909,925081,1433,810111,1664559,131896,24871.5263178997,4802033,67,26.3,31.72,100.37,
2023-2024,Aug,15,KARNATAKA,1511,DAKSHINA KANNADA,668426,293.110046962475,36,65,346.0974266,8405,0,20925,668406,45098,12354,40371,11683,96.44164,2401.7042071,18075,30187,71775,166144,93,166670,351613,29330,1959.1651405,360748,91,58.2,3.36,100.0,
2023-2024,Aug,15,KARNATAKA,1526,UDUPI,472212,307.002927159834,32,48,1448.68641675299,4176,0,18090,472212,22981,6647,23635,6912,72.51876,2970.90983915299,14397,24539,47870,113970,105,120679,245493,22266,1449.7046624,296147,90,59.16,9.2,99.97,
2023-2024,Aug,15,KARNATAKA,1529,RAMANAGARA,1931245,284.857746721811,32,239,8089.90666475896,60773,1,56683,1931173,270205,53764,27996,5512,164.11775,13755.120307859,59032,96202,148318,329584,222,199532,435763,117456,5501.0958931,1013168,90,28.15,18.09,100.48,
2023-2024,Aug,15,KARNATAKA,1530,Yadgir,2441236,288.507422677625,27,443,37.53407,11032,0,40945,2440820,497320,65794,308620,35863,0.0,7079.48094420001,87397,136451,155187,304409,165,265504,528960,51977,7041.94687420001,1278524,80,36.32,44.05,100.02,
2023-2024,Aug,15,KARNATAKA,1531,VIJAYANAGARA,5627166,282.644281579096,49,1120,4099.514112416,13011,0,31982,6300283,1443535,113821,1391959,92502,220.71617,22127.6199052159,126744,250413,173158,457122,2455,244339,638503,44993,17807.3896227999,3244176,63,10.19,61.97,100.26,
2023-2024,Sep,15,KARNATAKA,1516,HASSAN,2668251,301.501634043006,34,420,5867.88602415899,45717,2,37661,2667849,381827,72467,45223,7156,446.66456,14358.158912959,76971,139746,169739,417299,513,277531,643371,83378,8043.6083288,1378528,83,43.39,22.77,99.94,
2023-2024,Sep,15,KARNATAKA,1518,KODAGU,288539,271.646666933155,32,96,14.1471827,978,1,8001,287693,26335,8271,13653,4172,107.35527,903.0108982,8983,14796,32039,76076,18,86952,189785,8979,781.5084455,149204,79,29.06,17.76,100.28,
2023-2024,Sep,15,KARNATAKA,1520,KOPPAL,7495012,288.996786188861,41,3575,5441.14077032017,5444,0,53604,7494507,1233970,96052,1092848,79233,374.02652,27474.0516610194,179044,380202,221837,566630,2052,320690,844611,59048,21658.8843706992,3911433,70,18.23,69.15,99.69,
2023-2024,Sep,15,KARNATAKA,1522,MYSURU,1325482,300.056791256016,29,146,3221.595033832,17036,0,50826,1319856,213978,79873,126098,46722,248.78957,7430.702166632,45014,80499,158198,403586,213,340279,836928,67862,3960.3175628,654014,81,36.15,14.92,100.2,
2023-2024,Sep,15,KARNATAKA,1523,RAICHUR,9481014,261.882217752239,42,964,7496.23180677634,19393,0,51057,9481014,1685265,123173,2162997,151825,390.67548,32715.9970153766,221998,445063,278054,647369,2083,361176,823643,70450,24829.0897286003,4909716,67,22.12,49.6,99.81,
2023-2024,Oct,15,KARNATAKA,1504,BELAGAVI,9595471,298.724281817374,38,2871,15241.9473319,45055,0,91976,9594419,1022989,107403,1044308,83934,723.21153,44626.0181141997,250965,377832,425220,926980,2046,813126,1666369,137031,28660.8592522997,5487027,66,26.58,31.48,100.42,
2023-2024,Oct,15,KARNATAKA,1507,VIJAYPURA,2995010,302.992071271332,35,1530,2971.339570907,22918,1,35138,2993630,544888,70679,51955,6039,588.5861,12630.387214107,85426,134786,160656,343397,543,340901,756781,58056,9070.46154319998,1561707,75,48.42,30.92,100.01,
2023-2024,Oct,15,KARNATAKA,1508,CHAMARAJA NAGARA,1432474,310.408428280721,27,423,2912.893689527,8866,0,29739,1431986,409220,88856,122339,33738,155.79561,7513.69453532697,51651,82945,131045,306451,103,220840,508849,38605,4445.00523579997,798743,76,24.41,32.85,100.57,
2023-2024,Oct,15,KARNATAKA,1513,DHARWAR,1735445,301.817823099442,37,193,2730.741634131,8861,0,39830,1734319,147532,20503,105145,15698,260.81336,8226.038845531,46812,84230,87624,229691,219,168520,403298,48691,5234.4838514,785155,76,33.31,28.93,100.52,
2023-2024,Oct,15,KARNATAKA,1516,HASSAN,2982750,306.502671553118,36,456,5944.07358375899,48190,2,37264,2982123,427886,72502,50523,7156,453.30519,15537.665437759,81678,149189,169820,417442,614,277790,643620,85454,9140.286664,1540142,83,44.49,22.35,99.92,
2023-2024,Oct,15,KARNATAKA,1524,SHIVAMOGGA,1992578,297.415494635593,25,484,2584.522454941,17289,0,22997,1992578,436918,89293,115869,20048,371.62944,8882.387609641,77683,136625,159937,404112,154,246241,564934,40286,5926.2357147,1069142,80,39.58,32.98,100.07,
2023-2024,Nov,15,KARNATAKA,1503,BENGALURU RURAL,1405812,307.452730032809,45,514,1839.078474002,12302,0,12701,1405756,196900,28149,89309,8840,203.1851,6364.29877360201,30743,52854,63637,147860,262,118465,258683,25003,4322.03519960001,714432,72,46.23,15.08,99.98,
2023-2024,Nov,15,KARNATAKA,1508,CHAMARAJA NAGARA,1614863,307.859277401565,29,445,2914.739259527,9979,0,29897,1614050,458365,88873,137431,33762,256.28674,8140.02866642696,54883,88673,131104,306549,126,221056,509040,39876,4969.00266689996,901151,77,25.07,32.84,100.53,
2023-2024,Nov,15,KARNATAKA,1509,CHIKKAMAGALURU,2308514,300.564912454358,42,197,3759.095689531,16796,0,30685,2308453,354188,46551,71418,9162,439.135,11136.630428031,54824,102749,98084,238798,470,176173,395516,47481,6938.3997385,1190817,74,44.18,15.07,100.07,
2023-2024,Nov,15,KARNATAKA,1516,HASSAN,3234685,305.47036287466,37,480,5964.85740375899,50460,2,36724,3233899,464925,72537,54904,7156,538.83511,16382.295524059,85254,156493,169915,417633,713,278107,644111,87184,9878.60301030001,1669128,83,45.05,22.03,99.94,
2023-2024,Nov,15,KARNATAKA,1526,UDUPI,597683,308.358236296099,36,56,1494.86977937699,6542,0,16789,597640,28432,6667,31245,6932,148.49015,3486.232092777,16404,28218,48082,114352,163,121374,246662,23331,1842.87216340001,373201,90,58.05,8.35,99.95,
2023-2024,Nov,15,KARNATAKA,1529,RAMANAGARA,2953804,301.525701988394,40,294,8265.22713624096,73976,1,52510,2953489,411476,53810,44026,5514,380.66488,17551.420456641,73028,121678,148492,329898,517,200071,430738,126486,8905.5284404,1547712,90,30.9,20.07,100.58,
2023-2024,Feb,15,KARNATAKA,1501,BAGALKOTE,5163167,300.223378145227,47,2491,8681.63926491901,17779,0,19941,5160385,856758,60309,394006,26151,646.34626,24820.6676972186,109537,193308,157419,342417,2038,271158,550480,37720,15492.6821722996,2763382,61,32.14,35.1,99.73,
2023-2024,Feb,15,KARNATAKA,1510,CHITRADURGA,6311982,297.348940907448,50,466,7990.596496812,24962,1,43199,6296428,1226398,96885,1454269,91208,629.86315,27342.821619812,125097,215788,185021,445762,1127,330052,776856,68161,18722.361973,3425057,62,25.46,37.63,104.04,
2023-2024,Feb,15,KARNATAKA,1514,GADAG,3862473,303.290880587061,40,1148,3776.84756218601,10100,0,21696,3857597,616973,57006,335804,25968,401.32317,15877.910642986,95187,202401,122774,311885,584,164069,393239,31796,11699.7399108,1875693,70,20.52,56.26,99.84,
2023-2024,Feb,15,KARNATAKA,1516,HASSAN,4049980,306.795589944405,42,541,6994.54537038699,61536,2,31392,4047856,577188,72592,66055,7165,692.83794,20106.027005687,96089,178302,170058,417902,1057,279113,645497,92928,12418.6436953,2085381,83,45.98,21.2,100.03,
2023-2024,Feb,15,KARNATAKA,1525,TUMAKURU,5935563,306.399393826461,44,743,9823.589107169,66824,1,80678,5927362,813041,85796,475734,43511,875.19418,28860.184525069,132089,239283,227459,538449,1271,395547,873918,147502,18161.4012379,2996761,86,37.89,26.33,99.96,
2023-2024,Feb,15,KARNATAKA,1531,VIJAYANAGARA,7656204,285.364175642215,58,1288,8805.59341027798,24044,0,28182,8354085,1918060,114066,1742045,92655,342.46255,32987.6217529779,141784,284723,173704,458120,7178,246754,638353,52226,23839.5657927,4310202,60,13.93,54.76,100.82,
2023-2024,May,15,KARNATAKA,1505,BALLARI,3395739,208.476622856937,34,2056,1367.125976835,7806,0,26795,3018812,602556,69125,949576,96026,34.25434,7694.89762483496,88785,189417,113448,327327,98,165976,475413,34601,6293.51730799996,1613474,60,32.3,51.77,99.87,
2023-2024,May,15,KARNATAKA,1506,BIDAR,788881,220.659950689648,16,190,5277.340649067,4838,0,40326,788881,211519,80283,154625,52668,280.63647,7298.721544667,48628,72912,152112,299352,1,236411,466422,45164,1740.7444256,434285,59,25.34,32.2,99.98,
2023-2024,May,15,KARNATAKA,1507,VIJAYPURA,784276,265.066561433186,17,736,333.938953464,3319,1,39431,783876,140642,69989,14776,5904,254.80751,2666.539622564,44584,66731,158135,339076,8,334480,748566,42750,2077.7931591,425346,73,39.04,30.43,99.98,
2023-2024,May,15,KARNATAKA,1516,HASSAN,811986,262.843997300353,21,217,2050.001424291,10305,2,60457,811958,116961,72236,14482,7132,137.08883,4321.273117891,38647,65722,168926,415682,12,275566,645619,70762,2134.1828636,425033,83,34.31,20.92,99.94,
2023-2024,May,15,KARNATAKA,1522,MYSURU,268263,268.292627282251,17,50,1044.229363038,3638,2,55678,267280,46072,79582,22497,46375,39.64498,1800.966877238,15367,26264,156860,401065,12,337596,834326,59316,717.0925342,135451,80,31.65,11.88,100.13,
2023-2024,May,15,KARNATAKA,1528,CHIKKABALLAPURA,385352,249.424197710005,17,1054,1721.079744183,3360,0,35823,385241,77996,83276,47606,50428,173.05922,2855.023237683,22444,36355,142165,355383,4,220199,537129,39183,960.8842735,198197,80,50.59,14.18,99.55,
2023-2024,Dec,15,KARNATAKA,1505,BALLARI,6031896,273.008079557103,54,2241,3713.531541409,23214,0,14655,5328349,1061944,69226,1622218,96157,357.87349,18618.2283084091,98217,215337,113742,327899,2199,167294,474101,37869,14546.8232770001,2849206,61,34.8,49.1,99.85,
2023-2024,Dec,15,KARNATAKA,1520,KOPPAL,8743163,288.759413167901,47,3704,5585.24558282017,21808,0,41159,8742586,1427534,96115,1283910,79260,562.51476,31392.8003721193,184037,392785,222002,566936,3193,321263,842351,62967,25245.0400292991,4564511,70,19.24,66.02,99.66,
2023-2024,Dec,15,KARNATAKA,1523,RAICHUR,10899500,266.884795471295,47,1003,13928.2895045257,33212,0,41735,10899448,1955590,123300,2521890,152005,561.65081,43578.9098168258,230446,461833,278499,648148,3206,362857,824276,74947,29088.9695023001,5649158,67,23.64,48.79,99.85,
2023-2024,Dec,15,KARNATAKA,1524,SHIVAMOGGA,2249527,300.728305378773,27,518,2611.503642141,18184,0,23646,2249305,491700,89314,130887,20057,474.82745,9850.627901441,82477,145861,160073,404342,230,246524,565358,41830,6764.2968093,1205549,81,38.94,30.61,100.13,
2023-2024,Dec,15,KARNATAKA,1530,Yadgir,4224149,305.048273829137,39,555,3169.332551675,24653,0,36255,4221523,861352,66420,516104,36175,219.17378,16266.189372475,107665,172530,156531,306933,518,268632,532314,60908,12877.6830408,2183570,82,40.46,44.45,99.89,
2023-2024,April,15,KARNATAKA,1503,BENGALURU RURAL,167203,250.927483298745,15,162,417.71995426,1033,0,19457,167203,24654,27878,8048,8694,29.46065,866.73888416,10514,15990,62422,145812,0,116194,259697,20490,419.5582799,85634,71,37.2,12.8,99.96,
2023-2024,April,15,KARNATAKA,1504,BELAGAVI,1508512,191.99918950595,13,1135,622.329674068,2750,4,113397,1508512,146416,105800,134542,82617,0.0,3518.660487668,112323,154288,416185,913925,10,795798,1652091,116147,2896.3308136,861487,67,35.15,21.4,99.95,
2023-2024,April,15,KARNATAKA,1509,CHIKKAMAGALURU,137986,205.935318727987,14,33,1485.047898098,3255,2,30541,137986,18432,46251,3671,9089,84.83651,1854.046316998,9250,15560,97125,236834,0,174180,395875,33796,284.1619089,70858,69,21.93,13.46,100.47,
2023-2024,April,15,KARNATAKA,1511,DAKSHINA KANNADA,168583,184.626050372813,21,36,332.1454056,2246,0,22562,168583,10695,12287,11042,11622,0.0,643.3935401,7954,12723,71075,164798,2,165454,353271,24808,311.2481345,89705,90,61.93,1.51,100.0,
2023-2024,April,15,KARNATAKA,1513,DHARWAR,252857,216.472063261053,15,83,3.35664,833,1,38240,252857,20773,20417,16235,15617,50.98173,601.703135,16333,27258,86900,228521,2,166641,406498,39073,547.364765,114786,75,26.86,22.31,101.28,
2023-2024,April,15,KARNATAKA,1523,RAICHUR,1408639,113.884397145046,17,363,7360.67411677634,9345,1,50993,1408639,247763,122067,341853,150484,10.31559,8975.20973987634,81376,153553,274317,640872,0,353765,832363,60338,1604.2200331,740491,69,15.23,41.49,100.01,
2023-2024,April,15,KARNATAKA,1525,TUMAKURU,194754,235.182578309541,14,58,3489.778248697,15210,1,74162,194740,25727,84829,12983,42985,161.58997,4109.362771697,13639,22507,223078,530377,1,386811,966920,89372,457.994553,99594,82,26.71,12.42,99.85,
2023-2024,April,15,KARNATAKA,1528,CHIKKABALLAPURA,177305,263.303265275027,14,492,1716.137884183,1974,1,31889,177201,36434,83264,22255,50421,0.0,2182.713903283,12627,20186,142131,355321,0,220089,538718,33863,466.5760191,90572,80,58.11,11.17,99.52,
2023-2024,March,15,KARNATAKA,1501,BAGALKOTE,5500000,303.349408202808,48,2510,9611.94364313299,19307,0,18799,5366450,892092,60311,406310,26153,646.34626,26537.3842196326,110690,195540,157425,342427,2307,271364,548239,38106,16279.0943164996,2877390,61,32.5,35.02,99.74,
2023-2024,March,15,KARNATAKA,1509,CHIKKAMAGALURU,3200000,314.251943082836,49,224,6464.95029080499,28043,0,24252,3154971,485964,46609,99156,9169,592.58319,16972.091152005,63213,119538,98307,239216,907,177058,396735,52295,9914.55767119999,1633281,74,41.83,14.79,100.28,
2023-2024,March,15,KARNATAKA,1511,DAKSHINA KANNADA,1400000,315.672760223162,47,98,1731.303554325,20204,0,14869,1390739,87916,12408,87620,11781,347.37114,6468.858883125,29173,49849,72643,167759,312,168710,354342,35073,4390.1841888,755501,91,59.91,2.89,100.11,
2023-2024,March,15,KARNATAKA,1512,DAVANAGERE,3400000,309.944388234433,45,368,5391.06690902298,17746,0,20138,3412026,768613,66883,530325,44716,693.11834,16659.5683611228,75014,134907,123879,289520,1245,236935,519308,37884,10575.3831120998,1758200,80,34.27,27.91,100.05,
2023-2024,March,15,KARNATAKA,1518,KODAGU,520000,314.460533824809,40,148,909.301321133002,5731,1,5278,511385,45813,8289,26006,4190,186.50431,2703.909632033,12776,21669,32206,76372,63,87427,190494,11009,1608.1040009,264270,78,33.37,16.11,100.38,
2023-2024,March,15,KARNATAKA,1523,RAICHUR,12300000,267.578491285188,52,1049,16313.1553074677,37375,0,42857,12447886,2258999,123387,2853212,152064,621.20469,50242.2255531678,238478,478177,278697,648493,4038,364427,821100,80232,33307.8655557002,6462276,67,23.97,48.69,99.98,
2023-2024,March,15,KARNATAKA,1525,TUMAKURU,6350000,314.984195419113,46,759,12047.937116407,75620,1,73678,6306333,865903,85805,509051,43516,966.10943,32877.998806907,136185,246983,227514,538548,1468,395811,874365,149298,19863.9522605,3193003,86,36.71,25.77,99.98,
2023-2024,March,15,KARNATAKA,1527,UTTARA KANNADA,1850000,311.397419457462,36,151,2843.34722401899,20526,0,23647,1842008,107265,15771,64752,8630,345.9937,8925.30630221899,49903,85768,92794,231227,286,203403,449379,44173,5735.9653782,978654,81,32.38,27.28,100.25,
2023-2024,June,15,KARNATAKA,1501,BAGALKOTE,2333894,282.340804093928,28,1865,681.4452247,2227,0,29937,2333894,380475,59947,193461,26033,120.74596,7391.72627099995,80931,139769,155794,339771,213,266284,561255,32164,6589.53508629995,1250638,59,30.7,33.54,99.7,
2023-2024,June,15,KARNATAKA,1506,BIDAR,1873030,250.844521756123,24,305,5278.349309067,5153,0,44154,1872967,488029,80564,362884,52840,280.63647,10257.220892867,76409,119830,153220,301040,27,238695,467065,49307,4698.2351138,1012871,60,25.15,37.95,99.97,
2023-2024,June,15,KARNATAKA,1509,CHIKKAMAGALURU,607362,264.968491476253,23,87,1486.747898098,5879,0,31582,607362,78221,46326,17671,9111,150.09999,3246.165817298,25699,45720,97326,237268,16,174522,394989,37461,1609.3179292,304738,70,31.81,13.69,100.4,
2023-2024,June,15,KARNATAKA,1522,MYSURU,531734,271.858140538459,21,72,1051.548483038,5685,0,55512,529734,88476,79678,46230,46456,88.41694,2580.090425238,25201,43688,157234,401758,74,338236,834889,61197,1440.1250022,265879,81,32.08,12.89,100.31,
2023-2024,June,15,KARNATAKA,1525,TUMAKURU,892685,270.22222204545,21,177,3613.936538697,24705,0,73263,892547,114157,84960,62403,43062,224.86123,6250.658104897,41726,70532,223680,531469,18,387826,907125,97968,2411.8603362,455462,82,25.38,18.19,99.87,
2023-2024,June,15,KARNATAKA,1530,Yadgir,1296512,260.210127487932,20,330,33.96407,9477,0,34879,1296358,264510,65193,160496,35459,0.0,3407.21887450001,64809,99122,153503,301251,13,262697,525673,44356,3373.25480450001,692990,78,33.17,41.64,99.92,
2023-2024,May,15,KARNATAKA,1501,BAGALKOTE,1528145,248.065649247945,22,1533,657.4225433,1709,0,29016,1528145,253817,59764,122526,25910,15.30063,4463.52598900001,67953,114593,154958,338364,50,264562,568408,30725,3790.80281570001,818129,58,31.54,25.9,99.75,
2023-2024,May,15,KARNATAKA,1510,CHITRADURGA,690827,181.470325856766,14,149,36.89286,1994,2,45187,690825,132763,96166,165702,90549,130.64853,1421.1837686,46220,72268,182984,442182,0,325171,780132,47181,1253.6423786,373068,58,22.95,39.82,100.92,
2023-2024,May,15,KARNATAKA,1511,DAKSHINA KANNADA,307994,247.887749499961,26,45,335.7481556,3991,0,22254,307976,19030,12298,19232,11637,32.80852,1131.991451,11442,18601,71254,165147,8,165710,352692,26245,763.4347754,163355,90,57.75,2.86,100.01,
2023-2024,May,15,KARNATAKA,1514,GADAG,2358532,276.166271325448,29,936,32.66214,1018,0,24577,2356926,347304,56894,213115,25935,4.71046,6546.40725210002,79485,167477,122472,311315,84,162649,401920,25595,6509.03465210002,1128775,71,13.61,68.97,99.92,
2023-2024,May,15,KARNATAKA,1515,KALABURAGI,2289744,225.875889789148,18,592,6.12,2993,0,38094,2288722,602961,142412,51483,10740,135.81927,5311.61045229999,124455,212148,249248,542514,7,411593,884746,41087,5169.67118229999,1273757,62,18.48,48.16,99.84,
2023-2024,May,15,KARNATAKA,1518,KODAGU,68952,284.091566461216,21,31,0.0,72,1,7059,68792,6558,8231,2904,4137,0.0,195.4322704,3259,5177,31741,75506,0,86452,189207,7131,195.4322704,35434,77,18.49,14.83,100.02,
2023-2024,May,15,KARNATAKA,1520,KOPPAL,3983697,217.669516449665,26,2943,2220.25535048316,2259,0,50530,3983515,647409,95696,566858,78879,66.30793,10957.461118683,152567,315595,220171,563436,132,317322,872065,52789,8670.89783819988,2075258,70,12.87,72.91,99.75,
2023-2024,May,15,KARNATAKA,1529,RAMANAGARA,581573,219.937660888003,20,101,3396.61530984798,19240,1,84596,581507,79859,53656,9207,5503,64.53984,4740.10804354798,28169,43435,147913,328911,4,198597,446264,103836,1278.9528937,306776,90,29.53,13.92,100.06,
2023-2024,Feb,15,KARNATAKA,1503,BENGALURU RURAL,1702355,310.395233714923,49,583,3240.561463034,15177,0,10879,1702095,239750,28229,106880,8852,290.71478,8814.49799633401,34193,59212,63819,148204,377,119132,259763,26056,5283.22175330001,867946,71,46.02,14.81,99.99,
2023-2024,Feb,15,KARNATAKA,1512,DAVANAGERE,3209476,305.756719452415,44,354,3946.38549440799,13360,0,23769,3207431,721013,66870,498220,44702,595.49398,14348.8152787078,72583,130501,123854,289473,1101,236738,518976,37129,9806.93580429979,1651711,80,34.42,27.97,100.04,
2023-2024,Feb,15,KARNATAKA,1521,MANDYA,2907978,301.352851470932,39,451,7200.56661977699,22260,0,32984,2905539,322148,44161,17948,2778,658.26659,16614.757836877,74168,119796,155671,378787,677,346828,752968,55244,8755.9246271,1699107,73,34.6,20.0,100.09,
2023-2024,Feb,15,KARNATAKA,1528,CHIKKABALLAPURA,3145049,307.41587510944,42,3084,4736.02293887,20966,0,31452,3140990,639103,83512,400862,50518,574.01679,14965.94162447,73346,129830,142662,356311,1097,222176,535827,52418,9655.9018956,1641928,80,44.67,21.32,99.73,
2023-2024,Feb,15,KARNATAKA,1529,RAMANAGARA,3857225,301.159569130514,46,323,9005.03349580996,79889,1,50836,3855367,534535,53838,58055,5514,555.71871,21171.55885141,82632,139042,148549,329998,855,200469,431024,130725,11610.8066456,2024327,90,31.73,20.25,101.12,
2023-2024,Jan,15,KARNATAKA,1502,BENGALURU,79830,298.853322684106,41,7,85.899067275,1212,0,2755,79818,12612,3498,1088,358,31.55849,355.996302375,1924,3398,7133,16315,35,62277,139724,3967,238.5387451,41424,88,48.68,11.22,99.68,
2023-2024,Jan,15,KARNATAKA,1510,CHITRADURGA,5804388,296.634200600958,48,440,7981.500444812,22226,1,43106,5795416,1125770,96831,1340638,91157,629.86315,25802.549517912,120228,206838,184870,445494,952,329561,776090,65332,17191.1859231,3145369,62,25.72,38.51,103.02,
2023-2024,Jan,15,KARNATAKA,1511,DAKSHINA KANNADA,1229064,304.784283496182,46,91,1562.729002694,17648,0,16342,1228849,79645,12402,77116,11777,316.8982,5624.965822594,26569,45298,72522,167543,244,168231,353601,33990,3745.3386199,669622,91,60.38,3.06,100.06,
2023-2024,Jan,15,KARNATAKA,1514,GADAG,3737095,303.336363546742,39,1139,3765.50635218601,9544,0,21591,3732802,585219,57005,326635,25968,401.32317,15489.775367386,94447,200858,122773,311884,536,163938,393453,31135,11322.9458452,1812278,70,19.97,57.78,99.84,
2023-2024,Jan,15,KARNATAKA,1515,KALABURAGI,5266840,288.994986937129,31,760,6531.58165673401,16818,0,41121,5260712,1289698,143277,121999,10864,744.50412,22479.279733934,166033,288854,251406,546538,380,418912,876232,57939,15203.1939572,2863834,62,26.35,42.5,99.86,
2023-2024,Jan,15,KARNATAKA,1517,HAVERI,4298316,300.239353228514,43,540,7858.935046236,15965,0,45481,4286197,569284,56676,532664,44751,532.21066,21259.995857136,98001,188557,158329,384134,1071,270444,616496,61446,12868.8501509,2011041,72,30.22,22.89,100.36,
2023-2024,Jan,15,KARNATAKA,1518,KODAGU,451522,309.103035045002,38,134,743.257480356001,3783,1,6569,449308,39494,8283,23397,4189,155.90513,2287.987275056,11643,19653,32175,76314,44,87267,190285,10352,1388.8246647,232520,79,32.69,16.98,100.32,
2023-2024,Jan,15,KARNATAKA,1531,VIJAYANAGARA,7381366,285.315794947891,57,1251,8786.03122627798,22511,0,28793,8076152,1871129,114057,1700641,92650,342.46255,32171.031056278,140114,280928,173675,458071,6776,246488,638118,51304,23042.53728,4165282,61,13.44,56.27,100.68,
2023-2024,April,15,KARNATAKA,1515,KALABURAGI,980993,169.829380670583,12,362,5.1,1988,1,35042,980609,251850,142168,19276,10711,135.81927,1806.2814615,80660,132439,248654,541456,0,410244,885015,37030,1665.3621915,550179,62,21.66,49.22,99.85,
2023-2024,April,15,KARNATAKA,1520,KOPPAL,1517227,145.774672799622,16,1541,221.49536,808,0,48011,1517159,233585,95340,207211,78507,66.30793,2499.43685810001,93099,183286,218997,561103,2,315605,879975,48819,2211.63356810001,792293,70,9.75,78.67,99.75,
2023-2024,April,15,KARNATAKA,1521,MANDYA,186217,212.598174158209,11,76,2663.497770421,4985,0,36878,186210,20667,43920,943,2756,0.0,3059.376830521,15834,22813,154054,376029,0,342283,751320,41863,395.8790601,106123,75,20.92,12.79,99.97,
2023-2024,April,15,KARNATAKA,1522,MYSURU,129653,252.118502468161,14,33,1036.374393038,2025,13,54760,129246,22173,79511,9817,46308,0.0,1362.227472738,8904,15171,156619,400627,3,337153,834151,56785,325.8530797,66479,80,27.87,14.14,100.12,
2023-2024,Aug,15,KARNATAKA,1512,DAVANAGERE,1836654,301.130289005185,33,253,68.5404502,3669,0,28712,1835884,416354,66565,271475,44416,239.18259,5836.12583519995,55321,97375,123164,288222,243,234565,515269,32381,5528.40279499995,938787,81,31.02,30.34,99.96,
2023-2024,Aug,15,KARNATAKA,1517,HAVERI,2618022,292.056648250798,34,429,75.9551017,3220,0,51296,2614050,348988,56585,345953,44704,65.275,7775.73691529998,76645,145531,157885,383274,423,268555,614145,54516,7634.50681359998,1230423,73,26.09,23.96,100.03,
2023-2024,Aug,15,KARNATAKA,1522,MYSURU,1064390,294.170183864717,27,120,1056.594653038,12655,0,52600,1059529,169277,79812,98216,46662,163.1009,4336.513960438,39235,69592,157917,403054,160,339637,835978,65255,3116.8184074,525696,81,34.44,14.79,100.17,
2023-2024,Aug,15,KARNATAKA,1523,RAICHUR,8941943,257.914489856402,41,939,7481.62805677634,15886,0,52764,8941943,1583468,123067,2040701,151695,240.76213,30784.9568584766,217516,436294,277654,646729,1819,360288,822766,68650,23062.5666717003,4639842,68,20.68,50.89,99.81,
2023-2024,Aug,15,KARNATAKA,1525,TUMAKURU,2201566,290.927093562279,30,393,3863.489267397,39169,0,71068,2200577,290572,85216,162623,43197,421.32715,10686.891125097,72403,126615,224777,533521,135,389775,878246,110237,6402.0747077,1112182,83,28.99,23.85,99.85,
2023-2024,July,15,KARNATAKA,1506,BIDAR,2476571,302.22996604164,28,354,5280.660969067,5370,0,46655,2475679,630219,80705,468123,52967,374.38305,13137.287820067,86156,136462,153861,301959,82,240171,464137,52025,7482.243801,1329515,60,27.1,34.75,100.04,
2023-2024,July,15,KARNATAKA,1507,VIJAYPURA,1726823,293.002895705699,25,1180,352.221453464,4681,1,45093,1726125,318097,70236,32363,5948,379.69456,5789.51224696401,66815,103092,159148,340779,128,336732,750082,49774,5057.5962335,911539,74,45.41,31.67,100.01,
2023-2024,July,15,KARNATAKA,1508,CHAMARAJA NAGARA,980003,316.165167183149,23,357,26.08752,2463,0,33348,979704,287270,88753,84644,33681,155.79561,3279.3659195,42157,66525,130744,305945,51,220001,507813,35811,3097.4827895,554936,76,22.34,33.35,100.34,
2023-2024,July,15,KARNATAKA,1512,DAVANAGERE,1578672,299.489758987506,30,231,68.5404502,1481,0,30054,1577968,359887,66498,238042,44380,239.18259,5033.57560029997,51114,89671,123038,287979,164,234261,514765,31535,4725.85256009997,803509,81,28.88,32.02,99.96,
2023-2024,July,15,KARNATAKA,1515,KALABURAGI,3714308,285.227322324321,25,689,108.266962,4394,0,41767,3712171,926237,142702,88399,10798,326.99324,11023.3861454,147723,255870,250116,544096,106,413858,875352,46161,10588.1259434,2046482,64,20.19,50.08,99.84,
2023-2024,July,15,KARNATAKA,1519,KOLAR,1576395,286.377560244347,31,260,1718.966483239,3620,0,60487,1575957,375994,94206,109169,23443,212.18077,6444.33446033901,50728,79873,137838,344877,130,236303,574155,64107,4513.18720710001,819238,74,38.19,23.76,100.04,
2023-2024,July,15,KARNATAKA,1522,MYSURU,810096,291.874686884742,24,99,1056.594653038,8035,0,55184,806572,130825,79736,73670,46538,163.1009,3573.875052538,33107,58075,157550,402344,116,338862,835020,63219,2354.1794995,401490,81,32.89,14.16,100.17,
2023-2024,July,15,KARNATAKA,1524,SHIVAMOGGA,1362612,292.597183578304,21,390,1132.563715591,10451,0,26807,1362612,310395,89166,83026,20035,63.34099,5182.869040691,62876,108628,159569,403480,68,245498,564468,37258,3986.9643351,742916,80,33.6,38.4,100.06,
2023-2024,Oct,15,KARNATAKA,1503,BENGALURU RURAL,1280688,305.961963949248,43,500,1838.228474002,11834,0,12818,1280639,180280,28125,80616,8831,203.1851,5959.68180950201,29177,50022,63521,147674,216,118207,258305,24652,3918.26823550001,649077,72,44.86,15.78,99.92,
2023-2024,Oct,15,KARNATAKA,1509,CHIKKAMAGALURU,2032828,297.79357686798,39,175,3753.725259531,14495,0,31526,2032784,305318,46528,62751,9162,439.135,10246.360443131,51795,96385,98002,238630,355,175919,395283,46021,6053.5001836,1048729,74,43.35,14.86,100.06,
2023-2024,Oct,15,KARNATAKA,1519,KOLAR,2737849,299.383491161479,41,327,5565.346189188,25837,0,42787,2736035,652524,94354,186214,23468,609.00121,14365.584501588,66513,107264,138309,345646,487,237490,575532,68624,8191.23710239997,1431895,74,40.32,25.28,99.93,
2023-2024,Oct,15,KARNATAKA,1522,MYSURU,1544811,304.706735202229,31,155,3226.185033832,21005,0,48508,1537985,252668,79917,146282,46794,252.01587,8164.544785232,48801,87741,158401,403939,314,340891,837301,69513,4686.3438814,763046,81,36.66,14.44,100.19,
2023-2024,Oct,15,KARNATAKA,1523,RAICHUR,10075335,261.61305384944,44,981,13907.9333545257,28253,0,43797,10075333,1802991,123242,2304054,151893,390.67548,40656.9951813261,225460,452042,278271,647728,2422,361852,824086,72050,26358.3863468004,5217557,67,22.9,49.44,99.82,
2023-2024,Oct,15,KARNATAKA,1528,CHIKKABALLAPURA,2357345,302.046251779145,36,2767,3595.395333105,12471,0,36594,2356470,474326,83484,300671,50510,412.61399,11125.638632405,64136,111904,142597,356194,561,221557,534854,49065,7117.62930930001,1223983,80,45.39,21.81,99.53,
2023-2024,Oct,15,KARNATAKA,1529,RAMANAGARA,2668053,299.094521363363,38,283,8256.76397624096,71091,1,53216,2667932,369974,53799,39114,5514,329.3361,16565.738521941,69548,115279,148449,329821,404,199915,430771,124307,7979.6384457,1400368,90,30.41,19.92,100.61,
2023-2024,Oct,15,KARNATAKA,1531,VIJAYANAGARA,6540413,282.719246566929,53,1202,7873.86066828798,18807,0,29287,7223349,1693283,113977,1542421,92580,342.46255,28638.1210879878,134130,267280,173505,457759,4457,245479,638086,48094,20421.7978696998,3720064,62,11.72,60.86,100.25,
2023-2024,Nov,15,KARNATAKA,1502,BENGALURU,67391,286.905096098191,38,5,66.571168501,1064,0,2826,67379,10252,3495,956,358,21.21582,281.100773201,1740,3066,7114,16271,31,62117,139441,3890,193.3137847,34551,88,49.99,10.81,99.62,
2023-2024,Nov,15,KARNATAKA,1505,BALLARI,5996012,271.914913151962,54,2240,3694.49911140899,22785,0,14924,5295629,1056125,69226,1612930,96155,288.10078,18382.2048876091,98003,214844,113739,327894,2130,167158,473951,37709,14399.6049962001,2832046,61,34.68,49.86,99.85,
2023-2024,Nov,15,KARNATAKA,1507,VIJAYPURA,3302478,301.164912193429,37,1580,2984.368910907,24499,1,35250,3300835,601045,70754,56556,6059,588.5861,13513.911840307,88855,140748,160919,343853,667,341861,758324,59749,9940.95682939996,1714077,75,49.1,29.96,100.03,
2023-2024,Nov,15,KARNATAKA,1511,DAKSHINA KANNADA,1022545,299.407696775865,43,78,1311.289255826,15467,0,16946,1022445,66915,12390,63412,11752,222.89041,4595.458691126,23621,40047,72259,167072,178,167602,352623,32413,3061.2790253,560477,91,60.23,3.14,100.0,
2023-2024,Nov,15,KARNATAKA,1517,HAVERI,3741200,296.927741471043,40,506,5542.66566720201,8783,0,51025,3732549,501444,56661,471650,44735,387.16897,17012.808082202,91582,175745,158209,383902,899,269861,615510,59808,11082.973445,1749986,73,29.21,23.77,100.12,
2023-2024,Nov,15,KARNATAKA,1519,KOLAR,3120823,299.749493099332,44,348,5570.446189188,27145,0,42461,3118974,747001,94442,208275,23470,609.00121,15528.556154088,70569,114648,138424,345847,608,237789,575870,69606,9349.10875489996,1634486,74,39.01,25.7,99.89,
2023-2024,Nov,15,KARNATAKA,1522,MYSURU,1730448,303.798192361217,33,167,3233.988563832,23412,0,47239,1723154,285982,79960,167266,46834,292.37465,8761.273917432,51944,93815,158531,404178,401,341301,837964,70651,5234.9107036,856578,81,35.52,14.02,100.21,
2023-2024,Nov,15,KARNATAKA,1523,RAICHUR,10574061,263.605955133413,46,996,13913.5443545257,31095,0,42491,10574015,1891898,123291,2440731,151954,463.94627,42251.223861226,228665,458299,278414,647996,2885,362421,824549,73586,27873.7332367003,5478810,67,23.08,49.57,99.83,
2023-2024,Sep,15,KARNATAKA,1505,BALLARI,5876445,271.937360191482,53,2234,3624.718517409,20920,0,16409,5191547,1039737,69226,1582492,96152,250.07495,17992.5493323091,97493,213603,113733,327881,1946,166969,474107,37329,14117.7558649001,2778250,61,34.1,50.94,99.85,
2023-2024,Sep,15,KARNATAKA,1508,CHAMARAJA NAGARA,1273318,312.504376147954,26,398,42.91752,7617,0,30059,1272914,365997,88835,110484,33729,155.79561,4176.62508459997,48334,77419,130963,306319,92,220625,508714,37676,3977.91195459997,710529,76,23.49,32.72,100.5,
2023-2024,Sep,15,KARNATAKA,1509,CHIKKAMAGALURU,1650348,292.469241069156,35,158,3747.071629531,12676,0,31238,1650348,236390,46455,49166,9135,379.0018,8952.833700131,46897,86544,97854,238329,239,175580,395226,43914,4826.7602706,848590,73,41.14,14.5,100.11,
2023-2024,Sep,15,KARNATAKA,1511,DAKSHINA KANNADA,775084,296.372579812764,39,68,1304.023271026,13159,0,17201,775064,52143,12372,46936,11712,160.93384,3762.034283026,19819,33284,71979,166535,119,167048,351985,30360,2297.077172,421735,91,58.79,3.18,100.0,
2023-2024,Sep,15,KARNATAKA,1512,DAVANAGERE,2124033,302.555728529018,35,275,109.2323302,4000,0,29230,2123203,479248,66625,314644,44467,387.67186,6920.77649499996,59296,105099,123295,288459,328,234912,515863,33230,6423.87230479996,1084212,81,32.79,29.6,99.95,
2023-2024,Sep,15,KARNATAKA,1519,KOLAR,2332700,299.39035139547,38,303,5560.756189188,23685,0,43149,2330935,554747,94308,160642,23460,521.39927,13060.749946488,61292,97977,138169,345408,357,237078,575050,66834,6978.59448729999,1217385,74,39.72,25.11,100.0,
2023-2024,Sep,15,KARNATAKA,1524,SHIVAMOGGA,1732019,293.74947097578,24,437,2570.661894941,16426,0,22851,1732019,384709,89238,102463,20042,305.92463,7964.383174641,71488,124785,159800,403878,115,245973,564773,39277,5087.7966497,936159,80,38.23,34.49,100.09,
2023-2024,Sep,15,KARNATAKA,1525,TUMAKURU,2922543,291.256362471532,34,477,7525.372660807,47981,0,68412,2921217,398423,85366,226538,43283,640.45928,16674.062314907,85914,151974,225400,534692,314,390865,866711,116393,8508.2303741,1475305,84,31.39,25.54,99.84,
2023-2024,Sep,15,KARNATAKA,1529,RAMANAGARA,2318788,291.471631532256,35,266,8119.57100475896,68509,1,52264,2318667,323484,53786,34296,5514,326.4557,15204.283239459,64912,106765,148401,329737,312,199767,431794,120773,6758.25653470001,1217766,90,28.7,19.56,100.71,
2023-2024,Sep,15,KARNATAKA,1531,VIJAYANAGARA,6085850,280.518724994339,51,1163,7841.16526038799,14649,0,31521,6764519,1577793,113891,1462474,92546,328.16545,27145.0731611878,130610,259180,173335,457432,3180,244937,637620,46170,18975.7424507998,3482299,63,11.03,61.5,100.24,
2023-2024,Dec,15,KARNATAKA,1502,BENGALURU,74995,295.27810983823,40,5,66.571168501,1165,0,2767,74983,11679,3498,1029,358,27.62728,315.606833601,1851,3265,7126,16303,34,62205,139609,3932,221.4083851,38651,88,49.16,10.57,99.61,
2023-2024,Dec,15,KARNATAKA,1511,DAKSHINA KANNADA,1125329,303.737290370173,44,83,1313.058945826,16671,0,16572,1125150,73197,12396,69880,11763,285.31875,5015.877818426,25088,42664,72373,167291,216,167875,352981,33243,3417.5001226,615342,91,59.68,3.17,100.02,
2023-2024,Dec,15,KARNATAKA,1514,GADAG,3629564,303.501840197906,38,1124,3121.04021782301,9087,0,21300,3625572,563229,57003,317774,25968,354.45652,14479.174475523,93622,199101,122767,311874,509,163874,393430,30387,11003.6777377,1758341,69,19.5,58.91,99.85,
2023-2024,Dec,15,KARNATAKA,1518,KODAGU,422782,307.549524437851,37,126,477.317911071,3282,1,6751,420618,37452,8276,21562,4185,153.75665,1924.683219771,11254,18920,32137,76246,40,87184,190141,10033,1293.6086587,217999,79,32.39,16.29,100.32,
2023-2024,Dec,15,KARNATAKA,1526,UDUPI,641313,310.034685377612,37,57,1496.69152937699,6704,0,16854,641229,30858,6669,33391,6936,181.84314,3666.566982077,16989,29235,48148,114476,197,121617,247128,23558,1988.03231270001,402361,90,57.32,8.91,99.94,
2023-2024,Dec,15,KARNATAKA,1531,VIJAYANAGARA,7161675,285.313336948114,56,1237,7948.87342518798,20668,0,29135,7856631,1826778,114033,1661671,92643,342.46255,30707.3520529879,138769,277917,173631,457997,6390,246193,637808,49803,22416.0160778,4052110,61,13.18,56.72,100.5,
